experiment_id,model_short,num_layers,sparsity,k_value,method,num_blocks,perplexity,status,compress_time_s,eval_time_s,total_time_s,shortcut_params,shortcut_memory_mb,attn_shortcuts,mlp_shortcuts,hidden_size,sliced_dim,total_params,total_params_mb,gpu_peak_mb,model_load_time_s,timestamp_start,timestamp_end,error
opt-125m_s10_k1,opt-125m,12,0.1,1,per-layer,12,30.17646598815918,success,31.802939653396606,8.266188383102417,53.03227734565735,11415296.0,21.77294921875,12.0,12.0,768,688,162486160.0,309.9177551269531,6530.859375,2.20117712020874,2025-12-11T13:21:38.010695,2025-12-11T13:22:31.042995,
opt-125m_s10_k2,opt-125m,12,0.1,2,k-block-2,6,2245.877685546875,success,14.383321046829224,8.108068704605103,32.24589991569519,2895104.0,5.52197265625,5.0,1.0,768,688,153965968.0,293.6667785644531,6609.13818359375,2.6776986122131348,2025-12-11T13:22:33.240361,2025-12-11T13:23:05.486283,
opt-125m_s10_k3,opt-125m,12,0.1,3,k-block-3,4,670.4213256835938,success,14.459473371505736,8.117208242416382,31.472875595092773,1948416.0,3.71630859375,3.0,1.0,768,688,153019280.0,291.8611145019531,6599.63818359375,2.5826706886291504,2025-12-11T13:23:07.680572,2025-12-11T13:23:39.153471,
opt-125m_s10_k4,opt-125m,12,0.1,4,k-block-4,3,219.3002777099609,success,14.5042564868927,8.129760980606079,30.764193534851078,1475072.0,2.8134765625,2.0,1.0,768,688,152545936.0,290.9582824707031,6595.13818359375,2.183935642242432,2025-12-11T13:23:41.356590,2025-12-11T13:24:12.120805,
opt-125m_s10_k6,opt-125m,12,0.1,6,k-block-6,2,62.73121643066406,success,14.402854442596436,8.12018609046936,31.04192852973938,1001728.0,1.91064453125,1.0,1.0,768,688,152072592.0,290.0554504394531,6590.63818359375,2.486478090286255,2025-12-11T13:24:14.319226,2025-12-11T13:24:45.361178,
opt-125m_s10_k12,opt-125m,12,0.1,12,global,1,31.042133331298828,success,14.412291049957275,8.09420657157898,31.32048463821411,528384.0,1.0078125,0.0,1.0,768,688,151599248.0,289.1526184082031,6586.13818359375,2.340198516845703,2025-12-11T13:24:47.551945,2025-12-11T13:25:18.872458,
opt-125m_s20_k1,opt-125m,12,0.2,1,per-layer,12,35.562049865722656,success,30.7507426738739,8.163386821746826,47.02291297912598,8969216.0,17.107421875,12.0,12.0,768,608,147250880.0,280.8587646484375,6519.03662109375,2.043334484100342,2025-12-11T13:25:21.068792,2025-12-11T13:26:08.091734,
opt-125m_s20_k2,opt-125m,12,0.2,2,k-block-2,6,2650.297607421875,success,14.155943870544434,8.08430528640747,29.966863870620728,2315264.0,4.416015625,5.0,1.0,768,608,140596928.0,268.1673583984375,6609.13818359375,2.0440268516540527,2025-12-11T13:26:10.308567,2025-12-11T13:26:40.275455,
opt-125m_s20_k3,opt-125m,12,0.2,3,k-block-3,4,881.9619140625,success,14.21489715576172,8.06753396987915,30.43178629875183,1575936.0,3.005859375,3.0,1.0,768,608,139857600.0,266.7572021484375,6599.63818359375,2.104094982147217,2025-12-11T13:26:42.484356,2025-12-11T13:27:12.916154,
opt-125m_s20_k4,opt-125m,12,0.2,4,k-block-4,3,331.48046875,success,14.264658212661743,8.048705101013184,30.580761671066284,1206272.0,2.30078125,2.0,1.0,768,608,139487936.0,266.0521240234375,6595.13818359375,2.3330297470092773,2025-12-11T13:27:15.118162,2025-12-11T13:27:45.698945,
opt-125m_s20_k6,opt-125m,12,0.2,6,k-block-6,2,83.8781509399414,success,14.369217157363892,8.048124313354492,31.513362169265747,836608.0,1.595703125,1.0,1.0,768,608,139118272.0,265.3470458984375,6590.63818359375,2.2032835483551025,2025-12-11T13:27:47.884637,2025-12-11T13:28:19.398023,
opt-125m_s20_k12,opt-125m,12,0.2,12,global,1,38.76376724243164,success,14.631921768188477,8.058013916015625,33.371519565582275,466944.0,0.890625,0.0,1.0,768,608,138748608.0,264.6419677734375,6586.13818359375,2.77720046043396,2025-12-11T13:28:21.613825,2025-12-11T13:28:54.985366,
opt-125m_s25_k1,opt-125m,12,0.25,1,per-layer,12,39.34752655029297,success,31.030622720718384,8.050259590148926,48.18754291534424,8073216.0,15.3984375,12.0,12.0,768,576,141239200.0,269.39239501953125,6514.42529296875,2.220334053039551,2025-12-11T13:28:57.201410,2025-12-11T13:29:45.388961,
opt-125m_s25_k2,opt-125m,12,0.25,2,k-block-2,6,2909.2021484375,success,14.568191051483154,8.033854961395264,31.29314136505127,2101248.0,4.0078125,5.0,1.0,768,576,135267232.0,258.00177001953125,6609.13818359375,2.669372081756592,2025-12-11T13:29:47.578394,2025-12-11T13:30:18.871558,
opt-125m_s25_k3,opt-125m,12,0.25,3,k-block-3,4,815.9863891601562,success,14.468210935592651,8.024957180023193,31.47035765647888,1437696.0,2.7421875,3.0,1.0,768,576,134603680.0,256.73614501953125,6599.63818359375,2.26491641998291,2025-12-11T13:30:21.062446,2025-12-11T13:30:52.532825,
opt-125m_s25_k4,opt-125m,12,0.25,4,k-block-4,3,387.4966735839844,success,14.418176174163818,8.030654191970825,31.58070039749145,1105920.0,2.109375,2.0,1.0,768,576,134271904.0,256.10333251953125,6595.13818359375,2.69897198677063,2025-12-11T13:30:54.731404,2025-12-11T13:31:26.312126,
opt-125m_s25_k6,opt-125m,12,0.25,6,k-block-6,2,97.59835052490234,success,14.535555362701416,8.020987272262573,30.580933570861816,774144.0,1.4765625,1.0,1.0,768,576,133940128.0,255.47052001953125,6590.63818359375,2.196366786956787,2025-12-11T13:31:28.498385,2025-12-11T13:31:59.079325,
opt-125m_s25_k12,opt-125m,12,0.25,12,global,1,44.42295837402344,success,14.522420406341553,8.028288841247559,31.092230081558228,442368.0,0.84375,0.0,1.0,768,576,133608352.0,254.83770751953125,6586.13818359375,2.303168773651123,2025-12-11T13:32:01.275780,2025-12-11T13:32:32.368039,
opt-125m_s30_k1,opt-125m,12,0.3,1,per-layer,12,46.04347610473633,success,31.043785572052,8.070950508117676,47.515103340148926,7019456.0,13.3885498046875,12.0,12.0,768,536,133790840.0,255.18577575683597,6510.24951171875,2.158935546875,2025-12-11T13:32:34.578347,2025-12-11T13:33:22.093471,
opt-125m_s30_k2,opt-125m,12,0.3,2,k-block-2,6,2988.98291015625,success,14.43807888031006,8.040056705474854,31.544386863708496,1848128.0,3.5250244140625,5.0,1.0,768,536,128619512.0,245.3222503662109,6609.13818359375,2.9459173679351807,2025-12-11T13:33:24.274590,2025-12-11T13:33:55.818998,
opt-125m_s30_k3,opt-125m,12,0.3,3,k-block-3,4,839.524169921875,success,14.426213264465332,8.025954008102417,30.88777756690979,1273536.0,2.4290771484375,3.0,1.0,768,536,128044920.0,244.22630310058597,6599.63818359375,2.264918565750122,2025-12-11T13:33:58.090272,2025-12-11T13:34:28.978058,
opt-125m_s30_k4,opt-125m,12,0.3,4,k-block-4,3,467.5845642089844,success,14.437450408935549,8.023197174072266,32.8115234375,986240.0,1.881103515625,2.0,1.0,768,536,127757624.0,243.67832946777344,6595.13818359375,3.5333504676818848,2025-12-11T13:34:31.162365,2025-12-11T13:35:03.973900,
opt-125m_s30_k6,opt-125m,12,0.3,6,k-block-6,2,122.71166229248048,success,14.386509418487549,8.015522241592407,32.57364225387573,698944.0,1.3331298828125,1.0,1.0,768,536,127470328.0,243.1303558349609,6590.63818359375,3.152659177780152,2025-12-11T13:35:06.171389,2025-12-11T13:35:38.745053,
opt-125m_s30_k12,opt-125m,12,0.3,12,global,1,54.358428955078125,success,14.52896237373352,8.02863359451294,32.22532868385315,411648.0,0.78515625,0.0,1.0,768,536,127183032.0,242.58238220214844,6586.13818359375,3.901245355606079,2025-12-11T13:35:40.952071,2025-12-11T13:36:13.177421,
opt-1.3b_s10_k1,opt-1.3b,24,0.1,1,per-layer,24,15.468191146850586,success,216.52278065681455,22.874688386917114,253.8991823196411,162891520.0,310.69091796875,24.0,24.0,2048,1840,1449584016.0,2764.862091064453,17270.94580078125,2.717576026916504,2025-12-11T13:36:15.411808,2025-12-11T13:40:29.310998,
opt-1.3b_s10_k2,opt-1.3b,24,0.1,2,k-block-2,12,4918.58544921875,success,99.63110685348512,22.39916396141052,135.30836749076843,41009920.0,78.22021484375,11.0,1.0,2048,1840,1327702416.0,2532.391387939453,17768.16015625,2.31015944480896,2025-12-11T13:40:31.522106,2025-12-11T13:42:46.830496,
opt-1.3b_s10_k3,opt-1.3b,24,0.1,3,k-block-3,8,1868.57666015625,success,98.94704866409302,22.221107959747314,134.0634765625,27467520.0,52.39013671875,7.0,1.0,2048,1840,1314160016.0,2506.561309814453,17640.16015625,2.2227096557617188,2025-12-11T13:42:49.065449,2025-12-11T13:45:03.128948,
opt-1.3b_s10_k4,opt-1.3b,24,0.1,4,k-block-4,6,747.9158935546875,success,98.59332537651062,22.18608069419861,135.4450798034668,20696320.0,39.47509765625,5.0,1.0,2048,1840,1307388816.0,2493.646270751953,17576.16015625,3.4236881732940674,2025-12-11T13:45:05.355545,2025-12-11T13:47:20.800646,
opt-1.3b_s10_k6,opt-1.3b,24,0.1,6,k-block-6,4,286.68328857421875,success,98.70760774612428,22.17659473419189,135.20148491859436,13925120.0,26.56005859375,3.0,1.0,2048,1840,1300617616.0,2480.731231689453,17512.16015625,2.435304880142212,2025-12-11T13:47:23.033309,2025-12-11T13:49:38.234812,
opt-1.3b_s10_k8,opt-1.3b,24,0.1,8,k-block-8,3,37.29500961303711,success,98.05092692375185,22.16652822494507,134.1368386745453,10539520.0,20.1025390625,2.0,1.0,2048,1840,1297232016.0,2474.273712158203,17480.16015625,2.8938305377960205,2025-12-11T13:49:40.421342,2025-12-11T13:51:54.558201,
opt-1.3b_s10_k12,opt-1.3b,24,0.1,12,k-block-12,2,34.91876983642578,success,98.57325267791748,22.127065896987915,134.61572003364563,7153920.0,13.64501953125,1.0,1.0,2048,1840,1293846416.0,2467.816192626953,17448.16015625,2.524145126342773,2025-12-11T13:51:56.791109,2025-12-11T13:54:11.406850,
opt-1.3b_s10_k24,opt-1.3b,24,0.1,24,global,1,15.539132118225098,success,99.82814240455627,22.132357597351078,135.98765325546265,3768320.0,7.1875,0.0,1.0,2048,1840,1290460816.0,2461.358673095703,17416.16015625,2.555975437164306,2025-12-11T13:54:13.635703,2025-12-11T13:56:29.623377,
opt-1.3b_s20_k1,opt-1.3b,24,0.2,1,per-layer,24,16.95267677307129,success,209.41310477256772,22.07563519477844,245.3253312110901,128523264.0,245.138671875,24.0,24.0,2048,1632,1283343552.0,2447.783569335937,17239.30078125,2.5941710472106934,2025-12-11T13:56:31.859737,2025-12-11T14:00:37.185105,
opt-1.3b_s20_k2,opt-1.3b,24,0.2,2,k-block-2,12,6006.83984375,success,98.97342896461488,21.75379753112793,135.27876949310303,32640000.0,62.255859375,11.0,1.0,2048,1632,1187460288.0,2264.900756835937,17768.16015625,3.0931222438812256,2025-12-11T14:00:39.416815,2025-12-11T14:02:54.695592,
opt-1.3b_s20_k3,opt-1.3b,24,0.2,3,k-block-3,8,1605.1123046875,success,98.42183876037598,21.720518589019772,133.87016224861145,21986304.0,41.935546875,7.0,1.0,2048,1632,1176806592.0,2244.580444335937,17640.16015625,2.372459173202514,2025-12-11T14:02:56.900709,2025-12-11T14:05:10.770895,
opt-1.3b_s20_k4,opt-1.3b,24,0.2,4,k-block-4,6,693.9523315429688,success,97.15305519104004,21.693223476409912,132.92881631851196,16659456.0,31.775390625,5.0,1.0,2048,1632,1171479744.0,2234.420288085937,17576.16015625,3.112758159637451,2025-12-11T14:05:12.971592,2025-12-11T14:07:25.900415,
opt-1.3b_s20_k6,opt-1.3b,24,0.2,6,k-block-6,4,343.6078186035156,success,98.29190945625304,21.700420379638672,133.5191295146942,11332608.0,21.615234375,3.0,1.0,2048,1632,1166152896.0,2224.260131835937,17512.16015625,2.512748003005981,2025-12-11T14:07:28.143709,2025-12-11T14:09:41.662861,
opt-1.3b_s20_k8,opt-1.3b,24,0.2,8,k-block-8,3,49.78311920166016,success,97.95171093940736,21.69536638259888,133.14081525802612,8669184.0,16.53515625,2.0,1.0,2048,1632,1163489472.0,2219.180053710937,17480.16015625,3.087502956390381,2025-12-11T14:09:43.851102,2025-12-11T14:11:56.991940,
opt-1.3b_s20_k12,opt-1.3b,24,0.2,12,k-block-12,2,45.85979080200195,success,97.80301141738892,21.63764190673828,133.42260932922363,6005760.0,11.455078125,1.0,1.0,2048,1632,1160826048.0,2214.099975585937,17448.16015625,2.9644269943237305,2025-12-11T14:11:59.188352,2025-12-11T14:14:12.610984,
opt-1.3b_s20_k24,opt-1.3b,24,0.2,24,global,1,17.45214080810547,success,100.1597912311554,21.586544036865234,136.56918573379517,3342336.0,6.375,0.0,1.0,2048,1632,1158162624.0,2209.019897460937,17416.16015625,2.755195140838623,2025-12-11T14:14:14.821166,2025-12-11T14:16:31.390376,
opt-1.3b_s25_k1,opt-1.3b,24,0.25,1,per-layer,24,18.166297912597656,success,209.34215021133423,21.66452479362488,253.3655107021332,114032640.0,217.5,24.0,24.0,2048,1536,1207988832.0,2304.0558471679688,17226.17578125,8.973584175109863,2025-12-11T14:16:33.607341,2025-12-11T14:20:46.972873,
opt-1.3b_s25_k2,opt-1.3b,24,0.25,2,k-block-2,12,6574.38623046875,success,99.20856761932372,21.3820481300354,141.75253009796145,29097984.0,55.5,11.0,1.0,2048,1536,1123054176.0,2142.0558471679688,17768.16015625,3.676568031311035,2025-12-11T14:20:49.170535,2025-12-11T14:23:10.923086,
opt-1.3b_s25_k3,opt-1.3b,24,0.25,3,k-block-3,8,1581.172607421875,success,99.32362508773804,21.377866506576535,136.54664182662964,19660800.0,37.5,7.0,1.0,2048,1536,1113616992.0,2124.0558471679688,17640.16015625,4.949713945388794,2025-12-11T14:23:13.113331,2025-12-11T14:25:29.659993,
opt-1.3b_s25_k4,opt-1.3b,24,0.25,4,k-block-4,6,837.8792724609375,success,99.12261986732484,21.3980655670166,135.1948230266571,14942208.0,28.5,5.0,1.0,2048,1536,1108898400.0,2115.0558471679688,17576.16015625,2.405557155609131,2025-12-11T14:25:31.850566,2025-12-11T14:27:47.045410,
opt-1.3b_s25_k6,opt-1.3b,24,0.25,6,k-block-6,4,379.5349731445313,success,98.42286348342896,21.33298659324646,133.29261684417725,10223616.0,19.5,3.0,1.0,2048,1536,1104179808.0,2106.0558471679688,17512.16015625,2.3456711769104004,2025-12-11T14:27:49.279461,2025-12-11T14:30:02.572099,
opt-1.3b_s25_k8,opt-1.3b,24,0.25,8,k-block-8,3,58.66918563842773,success,98.59468650817873,21.32928228378296,133.92327427864075,7864320.0,15.0,2.0,1.0,2048,1536,1101820512.0,2101.5558471679688,17480.16015625,2.6662676334381104,2025-12-11T14:30:04.790683,2025-12-11T14:32:18.713980,
opt-1.3b_s25_k12,opt-1.3b,24,0.25,12,k-block-12,2,51.71791076660156,success,98.81244349479675,21.348116874694824,135.70262551307678,5505024.0,10.5,1.0,1.0,2048,1536,1099461216.0,2097.0558471679688,17448.16015625,2.401297807693481,2025-12-11T14:32:20.930062,2025-12-11T14:34:36.632708,
opt-1.3b_s25_k24,opt-1.3b,24,0.25,24,global,1,19.29906272888184,success,99.73882365226746,21.368256092071533,134.71579599380493,3145728.0,6.0,0.0,1.0,2048,1536,1097101920.0,2092.5558471679688,17416.16015625,2.6626110076904297,2025-12-11T14:34:38.815641,2025-12-11T14:36:53.531458,
opt-1.3b_s30_k1,opt-1.3b,24,0.3,1,per-layer,24,20.06409072875977,success,209.89666295051572,21.486180782318115,245.31266331672668,99312064.0,189.4227294921875,24.0,24.0,2048,1432,1127332152.0,2150.215438842773,17211.95703125,2.52236270904541,2025-12-11T14:36:55.763233,2025-12-11T14:41:01.075918,
opt-1.3b_s30_k2,opt-1.3b,24,0.3,2,k-block-2,12,7447.6669921875,success,99.08601069450378,21.31605863571167,137.62841367721558,25489600.0,48.6175537109375,11.0,1.0,2048,1432,1053509688.0,2009.4102630615237,17768.16015625,4.675630331039429,2025-12-11T14:41:03.288793,2025-12-11T14:43:20.917229,
opt-1.3b_s30_k3,opt-1.3b,24,0.3,3,k-block-3,8,1736.151123046875,success,98.72014689445496,21.21142625808716,140.19804501533508,17287104.0,32.9725341796875,7.0,1.0,2048,1432,1045307192.0,1993.7652435302732,17640.16015625,3.385484457015991,2025-12-11T14:43:23.100226,2025-12-11T14:45:43.298291,
opt-1.3b_s30_k4,opt-1.3b,24,0.3,4,k-block-4,6,909.912353515625,success,98.1987760066986,21.237611293792725,135.68949580192566,13185856.0,25.1500244140625,5.0,1.0,2048,1432,1041205944.0,1985.9427337646484,17576.16015625,3.595517158508301,2025-12-11T14:45:45.540204,2025-12-11T14:48:01.229719,
opt-1.3b_s30_k6,opt-1.3b,24,0.3,6,k-block-6,4,431.49420166015625,success,98.85889768600464,21.27339506149292,135.6164014339447,9084608.0,17.3275146484375,3.0,1.0,2048,1432,1037104696.0,1978.1202239990237,17512.16015625,2.842130422592163,2025-12-11T14:48:03.456559,2025-12-11T14:50:19.072982,
opt-1.3b_s30_k8,opt-1.3b,24,0.3,8,k-block-8,3,75.57720947265625,success,98.61220335960388,21.21801447868347,139.27977895736694,7033984.0,13.416259765625,2.0,1.0,2048,1432,1035054072.0,1974.208969116211,17480.16015625,7.500430583953857,2025-12-11T14:50:21.286954,2025-12-11T14:52:40.566754,
opt-1.3b_s30_k12,opt-1.3b,24,0.3,12,k-block-12,2,64.5175552368164,success,97.8213529586792,21.20877957344055,133.80355954170227,4983360.0,9.5050048828125,1.0,1.0,2048,1432,1033003448.0,1970.2977142333984,17448.16015625,3.582206964492798,2025-12-11T14:52:42.744917,2025-12-11T14:54:56.548497,
opt-1.3b_s30_k24,opt-1.3b,24,0.3,24,global,1,22.34943962097168,success,99.92965126037598,21.29958724975586,151.0108036994934,2932736.0,5.59375,0.0,1.0,2048,1432,1030952824.0,1966.386459350586,17416.16015625,6.6544928550720215,2025-12-11T14:54:58.817350,2025-12-11T14:57:29.828160,
opt-2.7b_s10_k1,opt-2.7b,32,0.1,1,per-layer,32,13.0462064743042,success,390.62163615226746,31.77921772003174,452.4450442790985,340328448.0,649.125,32.0,32.0,2560,2304,2857891680.0,5450.995788574219,17501.43798828125,8.295264482498169,2025-12-11T14:57:32.038612,2025-12-11T15:05:04.483678,
opt-2.7b_s10_k2,opt-2.7b,32,0.1,2,k-block-2,16,3062.7607421875,success,182.76513576507568,30.93116283416748,237.4312360286713,85524480.0,163.125,15.0,1.0,2560,2304,2603087712.0,4964.995788574219,18430.1689453125,5.124806880950928,2025-12-11T15:05:06.795286,2025-12-11T15:09:04.226544,
opt-2.7b_s10_k4,opt-2.7b,32,0.1,4,k-block-4,8,1351.9024658203125,success,181.66358017921448,30.810574054718018,235.04216289520264,43057152.0,82.125,7.0,1.0,2560,2304,2560620384.0,4883.995788574219,18030.1689453125,5.896437406539917,2025-12-11T15:09:06.449578,2025-12-11T15:13:01.491765,
opt-2.7b_s10_k8,opt-2.7b,32,0.1,8,k-block-8,4,1511.445556640625,success,181.04666137695312,30.73502826690674,334.42893266677856,21823488.0,41.625,3.0,1.0,2560,2304,2539386720.0,4843.495788574219,17830.1689453125,12.36500334739685,2025-12-11T15:13:03.769791,2025-12-11T15:18:38.198746,
opt-2.7b_s10_k16,opt-2.7b,32,0.1,16,k-block-16,2,19.737150192260746,success,181.03265404701236,30.652193784713745,236.45546960830688,11206656.0,21.375,1.0,1.0,2560,2304,2528769888.0,4823.245788574219,17730.1689453125,7.4570393562316895,2025-12-11T15:18:40.568194,2025-12-11T15:22:37.023685,
opt-2.7b_s10_k32,opt-2.7b,32,0.1,32,global,1,13.154032707214355,success,185.3158130645752,30.67499852180481,245.77174592018127,5898240.0,11.25,0.0,1.0,2560,2304,2523461472.0,4813.120788574219,17680.1689453125,5.152859926223755,2025-12-11T15:22:39.377450,2025-12-11T15:26:45.149218,
opt-2.7b_s20_k1,opt-2.7b,32,0.2,1,per-layer,32,14.131181716918944,success,383.57327342033386,30.54602575302124,436.0385377407074,269484032.0,514.0,32.0,32.0,2560,2048,2524599904.0,4815.292175292969,17461.1884765625,3.9831831455230713,2025-12-11T15:26:47.436951,2025-12-11T15:34:03.475510,
opt-2.7b_s20_k2,opt-2.7b,32,0.2,2,k-block-2,16,4270.55078125,success,183.2570583820343,29.904066801071167,238.76775431633,68157440.0,130.0,15.0,1.0,2560,2048,2323273312.0,4431.292175292969,18430.1689453125,4.240224838256836,2025-12-11T15:34:05.737464,2025-12-11T15:38:04.505240,
opt-2.7b_s20_k4,opt-2.7b,32,0.2,4,k-block-4,8,1131.5406494140625,success,182.64002418518064,29.856200218200684,235.2212414741516,34603008.0,66.0,7.0,1.0,2560,2048,2289718880.0,4367.292175292969,18030.1689453125,3.2015068531036377,2025-12-11T15:38:06.711477,2025-12-11T15:42:01.932737,
opt-2.7b_s20_k8,opt-2.7b,32,0.2,8,k-block-8,4,1715.3565673828125,success,182.49908757209775,29.84360671043396,420.1138331890106,17825792.0,34.0,3.0,1.0,2560,2048,2272941664.0,4335.292175292969,17830.1689453125,91.15283036231996,2025-12-11T15:42:04.137854,2025-12-11T15:49:04.251709,
opt-2.7b_s20_k16,opt-2.7b,32,0.2,16,k-block-16,2,23.69780921936035,success,181.47277998924253,29.728612899780277,231.33364582061768,9437184.0,18.0,1.0,1.0,2560,2048,2264553056.0,4319.292175292969,17730.1689453125,3.0803284645080566,2025-12-11T15:49:06.508465,2025-12-11T15:52:57.842132,
opt-2.7b_s20_k32,opt-2.7b,32,0.2,32,global,1,14.453761100769045,success,184.28284907341003,29.733181953430176,232.534640789032,5242880.0,10.0,0.0,1.0,2560,2048,2260358752.0,4311.292175292969,17680.1689453125,3.396583080291748,2025-12-11T15:53:00.100734,2025-12-11T15:56:52.635392,
opt-2.7b_s25_k1,opt-2.7b,32,0.25,1,per-layer,32,15.08232307434082,success,379.4362647533417,30.1834409236908,427.6290225982666,237158400.0,452.34375,32.0,32.0,2560,1920,2361050592.0,4503.346618652344,17443.7822265625,2.55204176902771,2025-12-11T15:56:54.897987,2025-12-11T16:04:02.527066,
opt-2.7b_s25_k2,opt-2.7b,32,0.25,2,k-block-2,16,4599.5419921875,success,183.7762989997864,29.55526161193848,233.07388353347775,60211200.0,114.84375,15.0,1.0,2560,1920,2184103392.0,4165.846618652344,18430.1689453125,4.513881206512451,2025-12-11T16:04:04.755753,2025-12-11T16:07:57.829658,
opt-2.7b_s25_k4,opt-2.7b,32,0.25,4,k-block-4,8,1132.8282470703125,success,180.29993081092837,29.45458722114563,230.51977252960205,30720000.0,58.59375,7.0,1.0,2560,1920,2154612192.0,4109.596618652344,18030.1689453125,4.294336080551148,2025-12-11T16:08:00.107605,2025-12-11T16:11:50.627384,
opt-2.7b_s25_k8,opt-2.7b,32,0.25,8,k-block-8,4,1673.3048095703125,success,180.9830424785614,29.389862060546875,230.22407460212708,15974400.0,30.46875,3.0,1.0,2560,1920,2139866592.0,4081.471618652344,17830.1689453125,4.118463039398193,2025-12-11T16:11:52.870164,2025-12-11T16:15:43.094259,
opt-2.7b_s25_k16,opt-2.7b,32,0.25,16,k-block-16,2,27.49117851257324,success,180.80906343460083,29.348431825637817,231.0993723869324,8601600.0,16.40625,1.0,1.0,2560,1920,2132493792.0,4067.409118652344,17730.1689453125,3.9840304851531982,2025-12-11T16:15:45.323224,2025-12-11T16:19:36.422604,
opt-2.7b_s25_k32,opt-2.7b,32,0.25,32,global,1,15.72445011138916,success,183.4260985851288,29.368643522262573,232.3069269657135,4915200.0,9.375,0.0,1.0,2560,1920,2128807392.0,4060.377868652344,17680.1689453125,3.824360609054565,2025-12-11T16:19:38.652547,2025-12-11T16:23:30.959495,
opt-2.7b_s30_k1,opt-2.7b,32,0.3,1,per-layer,32,16.559297561645508,success,373.78575253486633,29.43188524246216,422.95826840400696,206897152.0,394.625,32.0,32.0,2560,1792,2199565664.0,4195.338562011719,17425.4384765625,3.927265167236328,2025-12-11T16:23:33.246180,2025-12-11T16:30:36.204460,
opt-2.7b_s30_k2,opt-2.7b,32,0.3,2,k-block-2,16,5217.84228515625,success,182.54119992256165,28.91757440567017,233.3326632976532,52756480.0,100.625,15.0,1.0,2560,1792,2045424992.0,3901.338562011719,18430.1689453125,4.322768688201904,2025-12-11T16:30:38.438269,2025-12-11T16:34:31.770954,
opt-2.7b_s30_k4,opt-2.7b,32,0.3,4,k-block-4,8,1357.0111083984375,success,180.7173719406128,28.91056728363037,230.8019995689392,27066368.0,51.625,7.0,1.0,2560,1792,2019734880.0,3852.338562011719,18030.1689453125,3.9027836322784415,2025-12-11T16:34:34.001368,2025-12-11T16:38:24.803389,
opt-2.7b_s30_k8,opt-2.7b,32,0.3,8,k-block-8,4,1785.374267578125,success,181.59568333625796,28.886149883270264,233.077481508255,14221312.0,27.125,3.0,1.0,2560,1792,2006889824.0,3827.838562011719,17830.1689453125,4.643026113510132,2025-12-11T16:38:27.022125,2025-12-11T16:42:20.099629,
opt-2.7b_s30_k16,opt-2.7b,32,0.3,16,k-block-16,2,33.318328857421875,success,181.03959488868716,28.90005826950073,230.3822033405304,7798784.0,14.875,1.0,1.0,2560,1792,2000467296.0,3815.588562011719,17730.1689453125,4.019744396209717,2025-12-11T16:42:22.333985,2025-12-11T16:46:12.716210,
opt-2.7b_s30_k32,opt-2.7b,32,0.3,32,global,1,17.856325149536133,success,183.5439460277557,28.84238648414612,232.58799242973328,4587520.0,8.75,0.0,1.0,2560,1792,1997256032.0,3809.463562011719,17680.1689453125,3.95760178565979,2025-12-11T16:46:14.956434,2025-12-11T16:50:07.544436,
opt-6.7b_s10_k1,opt-6.7b,32,0.1,1,per-layer,32,11.180984497070312,success,820.9739465713501,45.819687604904175,908.847528219223,868244480.0,1656.044921875,32.0,32.0,4096,3680,7062862528.0,6735.670593261719,14813.49462890625,4.634568929672241,2025-12-12T12:38:08.978480,2025-12-12T12:53:17.826033,
opt-6.7b_s10_k2,opt-6.7b,32,0.1,2,k-block-2,16,11598.0693359375,success,410.778822183609,43.98967099189758,494.5606536865234,218209280.0,416.201171875,15.0,1.0,4096,3680,6412827328.0,6115.748718261719,13573.65087890625,3.978649377822876,2025-12-12T12:53:27.291517,2025-12-12T13:01:41.852192,
opt-6.7b_s10_k4,opt-6.7b,32,0.1,4,k-block-4,8,1862.990478515625,success,407.102023601532,43.488497257232666,493.7170853614807,109870080.0,209.560546875,7.0,1.0,4096,3680,6304488128.0,12024.856811523438,20360.1953125,5.276536226272583,2025-12-11T17:00:31.347928,2025-12-11T17:08:45.065036,
opt-6.7b_s10_k8,opt-6.7b,32,0.1,8,k-block-8,4,91.4275894165039,success,404.4636251926422,43.42379593849182,487.5541167259216,55700480.0,106.240234375,3.0,1.0,4096,3680,6250318528.0,11921.536499023438,18952.1953125,4.605148792266846,2025-12-11T17:08:47.336466,2025-12-11T17:16:54.890598,
opt-6.7b_s10_k16,opt-6.7b,32,0.1,16,k-block-16,2,25.3182430267334,success,403.6730444431305,43.27205491065979,487.1922626495361,28615680.0,54.580078125,1.0,1.0,4096,3680,6223233728.0,11869.876342773438,18696.1953125,4.668731451034546,2025-12-11T17:16:57.157143,2025-12-11T17:25:04.349426,
opt-6.7b_s10_k32,opt-6.7b,32,0.1,32,global,1,11.288077354431152,success,409.9876139163971,43.40291404724121,493.5079770088196,15073280.0,28.75,0.0,1.0,4096,3680,6209691328.0,11844.046264648438,18568.1953125,4.659953355789185,2025-12-11T17:25:06.650144,2025-12-11T17:33:20.158133,
opt-6.7b_s20_k1,opt-6.7b,32,0.2,1,per-layer,32,11.798213958740234,success,818.8310372829437,45.05775332450867,901.4968531131744,687879104.0,1312.0252685546875,32.0,32.0,4096,3272,6226080232.0,11875.305618286133,18221.9140625,3.3227579593658447,2025-12-11T17:33:22.451796,2025-12-11T17:48:23.948671,
opt-6.7b_s20_k2,opt-6.7b,32,0.2,2,k-block-2,16,15094.7421875,success,410.5954229831696,42.48882246017456,491.8839547634125,173991872.0,331.8631591796875,15.0,1.0,4096,3272,5712193000.0,5447.571754455566,12230.9150390625,3.728368043899536,2025-12-12T13:01:51.306267,2025-12-12T13:10:03.190245,
opt-6.7b_s20_k4,opt-6.7b,32,0.2,4,k-block-4,8,1652.04638671875,success,407.6720690727234,41.95675325393677,487.5638163089752,88344000.0,168.5028076171875,7.0,1.0,4096,3272,5626545128.0,10731.783157348633,19976.1953125,3.536848783493042,2025-12-11T17:53:14.924751,2025-12-11T18:01:22.488593,
opt-6.7b_s20_k8,opt-6.7b,32,0.2,8,k-block-8,4,84.82642364501953,success,405.74937105178833,41.76282835006714,485.6288778781891,45520064.0,86.8226318359375,3.0,1.0,4096,3272,5583721192.0,10650.102981567385,18952.1953125,3.877002477645874,2025-12-11T18:01:24.737189,2025-12-11T18:09:30.366075,
opt-6.7b_s20_k16,opt-6.7b,32,0.2,16,k-block-16,2,27.692630767822266,success,404.55674934387207,41.63643670082092,485.7803235054016,24108096.0,45.9825439453125,1.0,1.0,4096,3272,5562309224.0,10609.262893676758,18696.1953125,3.418745756149292,2025-12-11T18:09:32.620580,2025-12-11T18:17:38.400911,
opt-6.7b_s20_k32,opt-6.7b,32,0.2,32,global,1,12.01428508758545,success,410.9109513759613,41.64501452445984,490.685076713562,13402112.0,25.5625,0.0,1.0,4096,3272,5551603240.0,10588.842849731443,18568.1953125,3.9871671199798575,2025-12-11T18:17:40.679667,2025-12-11T18:25:51.364766,
opt-6.7b_s25_k1,opt-6.7b,32,0.25,1,per-layer,32,12.311124801635742,success,810.914813041687,41.74558997154236,890.5567998886108,607125504.0,1158.0,32.0,32.0,4096,3072,5823553632.0,11107.547058105469,18192.2265625,3.543464422225952,2025-12-11T18:25:53.662389,2025-12-11T18:40:44.219203,
opt-6.7b_s25_k2,opt-6.7b,32,0.25,2,k-block-2,16,11576.80859375,success,410.2028956413269,40.566088914871216,493.80465364456177,154140672.0,294.0,15.0,1.0,4096,3072,5370568800.0,5121.773529052734,11576.18115234375,4.514444589614868,2025-12-12T13:10:12.624992,2025-12-12T13:18:26.429695,
opt-6.7b_s25_k4,opt-6.7b,32,0.25,4,k-block-4,8,1473.761474609375,success,408.278578042984,40.30344367027283,486.4021637439728,78643200.0,150.0,7.0,1.0,4096,3072,5295071328.0,10099.547058105469,19976.1953125,3.6872830390930176,2025-12-11T18:45:35.679630,2025-12-11T18:53:42.081815,
opt-6.7b_s25_k8,opt-6.7b,32,0.25,8,k-block-8,4,89.76805114746094,success,409.0485122203827,40.12649965286255,487.49747943878174,40894464.0,78.0,3.0,1.0,4096,3072,5257322592.0,10027.547058105469,18952.1953125,4.132707118988037,2025-12-11T18:53:44.330412,2025-12-11T19:01:51.827913,
opt-6.7b_s25_k16,opt-6.7b,32,0.25,16,k-block-16,2,29.676631927490234,success,407.23722672462463,40.01761031150818,489.1003794670105,22020096.0,42.0,1.0,1.0,4096,3072,5238448224.0,9991.547058105469,18696.1953125,3.3584330081939697,2025-12-11T19:01:54.072405,2025-12-11T19:10:03.172807,
opt-6.7b_s25_k32,opt-6.7b,32,0.25,32,global,1,12.687908172607422,success,413.7089154720306,40.050405979156494,492.8843638896942,12582912.0,24.0,0.0,1.0,4096,3072,5229011040.0,9973.547058105469,18568.1953125,4.433850765228272,2025-12-11T19:10:05.436695,2025-12-11T19:18:18.321074,
opt-6.7b_s30_k1,opt-6.7b,32,0.3,1,per-layer,32,12.99137020111084,success,810.8321070671082,40.80832505226135,890.3173122406006,528488192.0,1008.01123046875,32.0,32.0,4096,2864,5410272400.0,10319.275665283203,18161.3515625,4.392112731933594,2025-12-11T19:18:20.594622,2025-12-11T19:33:10.911955,
opt-6.7b_s30_k2,opt-6.7b,32,0.3,2,k-block-2,16,9997.7607421875,success,414.5290732383728,39.53163385391235,492.2775738239288,134768384.0,257.05029296875,15.0,1.0,4096,2864,5016552592.0,9568.314727783203,20488.1953125,3.7394449710845943,2025-12-11T19:33:13.262122,2025-12-11T19:41:25.539707,
opt-6.7b_s30_k4,opt-6.7b,32,0.3,4,k-block-4,8,1575.26123046875,success,407.97388434410095,39.43391728401184,487.776743888855,69148416.0,131.89013671875,7.0,1.0,4096,2864,4950932624.0,9443.154571533203,19464.1953125,3.6351470947265625,2025-12-11T19:41:27.766210,2025-12-11T19:49:35.542977,
opt-6.7b_s30_k8,opt-6.7b,32,0.3,8,k-block-8,4,99.00109100341795,success,405.7942922115326,39.47841835021973,482.87740564346313,36338432.0,69.31005859375,3.0,1.0,4096,2864,4918122640.0,9380.574493408203,18952.1953125,3.5796468257904053,2025-12-11T19:49:37.776107,2025-12-11T19:57:40.653534,
opt-6.7b_s30_k16,opt-6.7b,32,0.3,16,k-block-16,2,35.29053497314453,success,404.226948261261,39.457141160964966,481.7444643974304,19933440.0,38.02001953125,1.0,1.0,4096,2864,4901717648.0,9349.284454345703,18696.1953125,3.288576602935791,2025-12-11T19:57:42.903899,2025-12-11T20:05:44.648385,
opt-6.7b_s30_k32,opt-6.7b,32,0.3,32,global,1,13.60407543182373,success,411.50276708602905,39.43591713905335,488.5205166339874,11730944.0,22.375,0.0,1.0,4096,2864,4893515152.0,9333.639434814451,18568.1953125,3.409154891967773,2025-12-11T20:05:46.903599,2025-12-11T20:13:55.424138,
