experiment_id,model,model_short,sparsity,cal_nsamples,cal_tokens,pca_type,status,perplexity,compress_time_s,eval_time_s,total_time_s,model_load_time_s,num_layers,hidden_size,sliced_dim,original_params,sliced_params,shortcut_params,shortcut_memory_mb,attn_shortcuts,mlp_shortcuts,gpu_peak_mb,timestamp_start,timestamp_end,error
opt-125m_s10_n16_per-layer,facebook/opt-125m,opt-125m,0.1,16,32768,per-layer,success,29.87032699584961,10.078685283660889,4.231181383132935,25.194347143173218,2.8451569080352783,12,768,688,163860064,162486160,11415296,21.77294921875,12,12,6529.234375,2025-12-12T15:13:44.387159,2025-12-12T15:14:09.721767,
opt-125m_s10_n16_global,facebook/opt-125m,opt-125m,0.1,16,32768,global,success,30.57050323486328,4.930279493331909,4.188041925430298,16.57337784767151,1.8644261360168457,12,768,688,163860064,151599248,528384,1.0078125,0,1,6586.13818359375,2025-12-12T15:14:11.779216,2025-12-12T15:14:28.506246,
opt-125m_s10_n32_per-layer,facebook/opt-125m,opt-125m,0.1,32,65536,per-layer,success,29.66098976135254,13.12982439994812,4.23038125038147,24.504071474075317,1.7598910331726074,12,768,688,163860064,162486160,11415296,21.77294921875,12,12,6586.13818359375,2025-12-12T15:14:30.581362,2025-12-12T15:14:55.230922,
opt-125m_s10_n32_global,facebook/opt-125m,opt-125m,0.1,32,65536,global,success,30.156702041625977,6.179610252380371,4.181560039520264,17.332367181777954,2.0964083671569824,12,768,688,163860064,151599248,528384,1.0078125,0,1,6586.13818359375,2025-12-12T15:14:57.288640,2025-12-12T15:15:14.785664,
opt-125m_s10_n64_per-layer,facebook/opt-125m,opt-125m,0.1,64,131072,per-layer,success,29.435548782348633,19.32971715927124,4.210698843002319,30.390864372253418,1.7631592750549316,12,768,688,163860064,162486160,11415296,21.77294921875,12,12,6586.13818359375,2025-12-12T15:15:16.856250,2025-12-12T15:15:47.390022,
opt-125m_s10_n64_global,facebook/opt-125m,opt-125m,0.1,64,131072,global,success,30.1949405670166,9.514586210250854,4.176422119140625,20.502467393875122,1.8150944709777832,12,768,688,163860064,151599248,528384,1.0078125,0,1,6586.13818359375,2025-12-12T15:15:49.465332,2025-12-12T15:16:10.116191,
opt-125m_s10_n128_per-layer,facebook/opt-125m,opt-125m,0.1,128,262144,per-layer,success,29.325326919555664,31.94046449661255,4.161590814590454,43.094250440597534,1.816469669342041,12,768,688,163860064,162486160,11415296,21.77294921875,12,12,6586.13818359375,2025-12-12T15:16:12.192091,2025-12-12T15:16:55.429525,
opt-125m_s10_n128_global,facebook/opt-125m,opt-125m,0.1,128,262144,global,success,30.269136428833008,15.09908413887024,4.113893270492554,28.076229333877563,2.0475852489471436,12,768,688,163860064,151599248,528384,1.0078125,0,1,6586.13818359375,2025-12-12T15:16:57.482340,2025-12-12T15:17:25.719117,
opt-125m_s10_n256_per-layer,facebook/opt-125m,opt-125m,0.1,256,524288,per-layer,success,29.321182250976562,56.36666679382324,4.1436402797698975,69.93022871017456,2.243842363357544,12,768,688,163860064,162486160,11415296,21.77294921875,12,12,6586.13818359375,2025-12-12T15:17:27.774204,2025-12-12T15:18:37.843837,
opt-125m_s10_n256_global,facebook/opt-125m,opt-125m,0.1,256,524288,global,success,30.284589767456055,25.667503356933594,4.102144956588745,38.3495397567749,2.3966875076293945,12,768,688,163860064,151599248,528384,1.0078125,0,1,6586.13818359375,2025-12-12T15:18:39.889459,2025-12-12T15:19:18.389889,
opt-125m_s20_n16_per-layer,facebook/opt-125m,opt-125m,0.2,16,32768,per-layer,success,35.70622253417969,9.206358194351196,4.063359260559082,21.12524938583374,2.0885496139526367,12,768,608,163860064,147250880,8969216,17.107421875,12,12,6586.13818359375,2025-12-12T15:19:20.435902,2025-12-12T15:19:41.720046,
opt-125m_s20_n16_global,facebook/opt-125m,opt-125m,0.2,16,32768,global,success,38.164920806884766,4.722568035125732,4.026656866073608,16.741117477416992,2.3984994888305664,12,768,608,163860064,138748608,466944,0.890625,0,1,6586.13818359375,2025-12-12T15:19:43.770466,2025-12-12T15:20:00.655854,
opt-125m_s20_n32_per-layer,facebook/opt-125m,opt-125m,0.2,32,65536,per-layer,success,35.05609893798828,12.544865608215332,4.058672904968262,25.138988494873047,2.4924256801605225,12,768,608,163860064,147250880,8969216,17.107421875,12,12,6586.13818359375,2025-12-12T15:20:02.730783,2025-12-12T15:20:28.015121,
opt-125m_s20_n32_global,facebook/opt-125m,opt-125m,0.2,32,65536,global,success,37.293373107910156,6.19794487953186,4.0252649784088135,17.85266399383545,2.1862475872039795,12,768,608,163860064,138748608,466944,0.890625,0,1,6586.13818359375,2025-12-12T15:20:30.064324,2025-12-12T15:20:48.071796,
opt-125m_s20_n64_per-layer,facebook/opt-125m,opt-125m,0.2,64,131072,per-layer,success,34.75216293334961,18.678954601287842,4.0598533153533936,31.03405499458313,2.3889694213867188,12,768,608,163860064,147250880,8969216,17.107421875,12,12,6586.13818359375,2025-12-12T15:20:50.136374,2025-12-12T15:21:21.317671,
opt-125m_s20_n64_global,facebook/opt-125m,opt-125m,0.2,64,131072,global,success,37.38607406616211,9.007564067840576,4.024252653121948,20.738255500793457,2.1343328952789307,12,768,608,163860064,138748608,466944,0.890625,0,1,6586.13818359375,2025-12-12T15:21:23.365837,2025-12-12T15:21:44.252795,
opt-125m_s20_n128_per-layer,facebook/opt-125m,opt-125m,0.2,128,262144,per-layer,success,34.523658752441406,30.947129011154175,4.0599000453948975,43.018725633621216,2.0192766189575195,12,768,608,163860064,147250880,8969216,17.107421875,12,12,6586.13818359375,2025-12-12T15:21:46.314764,2025-12-12T15:22:29.471273,
opt-125m_s20_n128_global,facebook/opt-125m,opt-125m,0.2,128,262144,global,success,37.58274841308594,14.614784717559814,4.027927398681641,26.522341012954712,2.0731918811798096,12,768,608,163860064,138748608,466944,0.890625,0,1,6586.13818359375,2025-12-12T15:22:31.524580,2025-12-12T15:22:58.191654,
opt-125m_s20_n256_per-layer,facebook/opt-125m,opt-125m,0.2,256,524288,per-layer,success,34.41524124145508,54.81319308280945,4.062499284744263,67.18322896957397,2.232065200805664,12,768,608,163860064,147250880,8969216,17.107421875,12,12,6586.13818359375,2025-12-12T15:23:00.245113,2025-12-12T15:24:07.582776,
opt-125m_s20_n256_global,facebook/opt-125m,opt-125m,0.2,256,524288,global,success,37.851806640625,25.6899151802063,4.02393651008606,39.03608560562134,2.2717835903167725,12,768,608,163860064,138748608,466944,0.890625,0,1,6586.13818359375,2025-12-12T15:24:09.631436,2025-12-12T15:24:48.822024,
opt-125m_s25_n16_per-layer,facebook/opt-125m,opt-125m,0.25,16,32768,per-layer,success,39.88292694091797,9.009968280792236,4.035016775131226,21.200007915496826,2.3990113735198975,12,768,576,163860064,141239200,8073216,15.3984375,12,12,6586.13818359375,2025-12-12T15:24:50.873784,2025-12-12T15:25:12.220803,
opt-125m_s25_n16_global,facebook/opt-125m,opt-125m,0.25,16,32768,global,success,43.06345748901367,4.672729969024658,4.0059425830841064,16.69481134414673,2.3485865592956543,12,768,576,163860064,133608352,442368,0.84375,0,1,6586.13818359375,2025-12-12T15:25:14.274690,2025-12-12T15:25:31.114094,
opt-125m_s25_n32_per-layer,facebook/opt-125m,opt-125m,0.25,32,65536,per-layer,success,38.75564193725586,11.890106439590454,4.03437352180481,24.201363563537598,2.6180286407470703,12,768,576,163860064,141239200,8073216,15.3984375,12,12,6586.13818359375,2025-12-12T15:25:33.161563,2025-12-12T15:25:57.513950,
opt-125m_s25_n32_global,facebook/opt-125m,opt-125m,0.25,32,65536,global,success,41.99892044067383,6.090927362442017,4.005174160003662,17.993236303329468,2.2228288650512695,12,768,576,163860064,133608352,442368,0.84375,0,1,6586.13818359375,2025-12-12T15:25:59.573447,2025-12-12T15:26:17.726380,
opt-125m_s25_n64_per-layer,facebook/opt-125m,opt-125m,0.25,64,131072,per-layer,success,38.429481506347656,18.35543179512024,4.034882068634033,30.757790327072144,2.385093927383423,12,768,576,163860064,141239200,8073216,15.3984375,12,12,6586.13818359375,2025-12-12T15:26:19.774444,2025-12-12T15:26:50.667502,
opt-125m_s25_n64_global,facebook/opt-125m,opt-125m,0.25,64,131072,global,success,42.82979965209961,8.803000211715698,4.005444049835205,21.109140157699585,2.098721742630005,12,768,576,163860064,133608352,442368,0.84375,0,1,6586.13818359375,2025-12-12T15:26:52.726910,2025-12-12T15:27:13.980344,
opt-125m_s25_n128_per-layer,facebook/opt-125m,opt-125m,0.25,128,262144,per-layer,success,38.1325569152832,30.41933560371399,4.033823251724243,43.18526864051819,2.4281423091888428,12,768,576,163860064,141239200,8073216,15.3984375,12,12,6586.13818359375,2025-12-12T15:27:16.058725,2025-12-12T15:27:59.389794,
opt-125m_s25_n128_global,facebook/opt-125m,opt-125m,0.25,128,262144,global,success,43.004722595214844,14.456410646438599,4.0053887367248535,26.51813006401062,2.2241554260253906,12,768,576,163860064,133608352,442368,0.84375,0,1,6586.13818359375,2025-12-12T15:28:01.437526,2025-12-12T15:28:28.102934,
opt-125m_s25_n256_per-layer,facebook/opt-125m,opt-125m,0.25,256,524288,per-layer,success,37.97068405151367,54.70275545120239,4.035928964614868,67.28910446166992,2.2328882217407227,12,768,576,163860064,141239200,8073216,15.3984375,12,12,6586.13818359375,2025-12-12T15:28:30.174187,2025-12-12T15:29:37.617813,
opt-125m_s25_n256_global,facebook/opt-125m,opt-125m,0.25,256,524288,global,success,43.29770278930664,25.764103174209595,4.00579571723938,38.96234393119812,2.280819892883301,12,768,576,163860064,133608352,442368,0.84375,0,1,6586.13818359375,2025-12-12T15:29:39.665845,2025-12-12T15:30:18.782472,
opt-125m_s30_n16_per-layer,facebook/opt-125m,opt-125m,0.3,16,32768,per-layer,success,47.256404876708984,9.129909992218018,4.071055889129639,20.705641269683838,2.0621798038482666,12,768,536,163860064,133790840,7019456,13.3885498046875,12,12,6586.13818359375,2025-12-12T15:30:20.856709,2025-12-12T15:30:41.700218,
opt-125m_s30_n16_global,facebook/opt-125m,opt-125m,0.3,16,32768,global,success,52.93128967285156,4.678912401199341,4.040261745452881,17.606634855270386,2.7220304012298584,12,768,536,163860064,127183032,411648,0.78515625,0,1,6586.13818359375,2025-12-12T15:30:43.745807,2025-12-12T15:31:01.500415,
opt-125m_s30_n32_per-layer,facebook/opt-125m,opt-125m,0.3,32,65536,per-layer,success,45.70294952392578,12.254008531570435,4.07140588760376,23.975128412246704,2.1392366886138916,12,768,536,163860064,133790840,7019456,13.3885498046875,12,12,6586.13818359375,2025-12-12T15:31:03.571264,2025-12-12T15:31:27.694319,
opt-125m_s30_n32_global,facebook/opt-125m,opt-125m,0.3,32,65536,global,success,51.17556381225586,6.150924205780029,4.039517641067505,19.30488157272339,2.276813268661499,12,768,536,163860064,127183032,411648,0.78515625,0,1,6586.13818359375,2025-12-12T15:31:29.744677,2025-12-12T15:31:49.193316,
opt-125m_s30_n64_per-layer,facebook/opt-125m,opt-125m,0.3,64,131072,per-layer,success,44.959510803222656,17.757245779037476,4.072386980056763,29.890098571777344,2.176896572113037,12,768,536,163860064,133790840,7019456,13.3885498046875,12,12,6586.13818359375,2025-12-12T15:31:51.254923,2025-12-12T15:32:21.289742,
opt-125m_s30_n64_global,facebook/opt-125m,opt-125m,0.3,64,131072,global,success,52.1547737121582,8.751031160354614,4.038266658782959,20.816462755203247,2.138094425201416,12,768,536,163860064,127183032,411648,0.78515625,0,1,6586.13818359375,2025-12-12T15:32:23.336220,2025-12-12T15:32:44.301880,
opt-125m_s30_n128_per-layer,facebook/opt-125m,opt-125m,0.3,128,262144,per-layer,success,44.61189651489258,30.63921070098877,4.071995735168457,43.25657415390015,2.1581649780273438,12,768,536,163860064,133790840,7019456,13.3885498046875,12,12,6586.13818359375,2025-12-12T15:32:46.358065,2025-12-12T15:33:29.753064,
opt-125m_s30_n128_global,facebook/opt-125m,opt-125m,0.3,128,262144,global,success,52.367244720458984,14.581489086151123,4.039755821228027,26.679134845733643,2.1871063709259033,12,768,536,163860064,127183032,411648,0.78515625,0,1,6586.13818359375,2025-12-12T15:33:31.799703,2025-12-12T15:33:58.622548,
opt-125m_s30_n256_per-layer,facebook/opt-125m,opt-125m,0.3,256,524288,per-layer,success,44.43828582763672,54.905203104019165,4.07313871383667,67.87825179100037,2.4767088890075684,12,768,536,163860064,133790840,7019456,13.3885498046875,12,12,6586.13818359375,2025-12-12T15:34:00.691133,2025-12-12T15:35:08.704144,
opt-125m_s30_n256_global,facebook/opt-125m,opt-125m,0.3,256,524288,global,success,53.38675308227539,25.716192960739136,4.039900541305542,38.62788128852844,2.663649559020996,12,768,536,163860064,127183032,411648,0.78515625,0,1,6586.13818359375,2025-12-12T15:35:10.754364,2025-12-12T15:35:49.542706,
opt-1.3b_s10_n16_per-layer,facebook/opt-1.3b,opt-1.3b,0.1,16,32768,per-layer,success,15.513264656066895,56.694034814834595,20.560523986816406,91.36299228668213,2.8185503482818604,24,2048,1840,1418564704,1449584016,162891520,310.69091796875,24,24,17270.13330078125,2025-12-12T15:35:51.604294,2025-12-12T15:37:23.275108,
opt-1.3b_s10_n16_global,facebook/opt-1.3b,opt-1.3b,0.1,16,32768,global,success,15.56999397277832,30.00739860534668,19.997785091400146,63.28991484642029,2.34079909324646,24,2048,1840,1418564704,1290460816,3768320,7.1875,0,1,17416.16015625,2025-12-12T15:37:25.325810,2025-12-12T15:38:28.916897,
opt-1.3b_s10_n32_per-layer,facebook/opt-1.3b,opt-1.3b,0.1,32,65536,per-layer,success,15.271369934082031,76.56094217300415,20.58658528327942,110.22970271110535,2.528407335281372,24,2048,1840,1418564704,1449584016,162891520,310.69091796875,24,24,17416.16015625,2025-12-12T15:38:30.976298,2025-12-12T15:40:21.512862,
opt-1.3b_s10_n32_global,facebook/opt-1.3b,opt-1.3b,0.1,32,65536,global,success,15.264872550964355,39.63451027870178,20.011727333068848,72.68535137176514,2.8871917724609375,24,2048,1840,1418564704,1290460816,3768320,7.1875,0,1,17416.16015625,2025-12-12T15:40:23.567077,2025-12-12T15:41:36.552432,
opt-1.3b_s10_n64_per-layer,facebook/opt-1.3b,opt-1.3b,0.1,64,131072,per-layer,success,15.184051513671875,120.51817727088928,20.600078582763672,154.04188442230225,2.47234845161438,24,2048,1840,1418564704,1449584016,162891520,310.69091796875,24,24,17416.16015625,2025-12-12T15:41:38.637874,2025-12-12T15:44:12.983271,
opt-1.3b_s10_n64_global,facebook/opt-1.3b,opt-1.3b,0.1,64,131072,global,success,15.268308639526367,60.98100280761719,20.014414072036743,95.1333520412445,2.7666313648223877,24,2048,1840,1418564704,1290460816,3768320,7.1875,0,1,17416.16015625,2025-12-12T15:44:15.116122,2025-12-12T15:45:50.550679,
opt-1.3b_s10_n128_per-layer,facebook/opt-1.3b,opt-1.3b,0.1,128,262144,per-layer,success,15.143501281738281,211.00843596458435,20.627031564712524,246.69849300384521,3.4253931045532227,24,2048,1840,1418564704,1449584016,162891520,310.69091796875,24,24,17416.16015625,2025-12-12T15:45:52.605509,2025-12-12T15:49:59.604662,
opt-1.3b_s10_n128_global,facebook/opt-1.3b,opt-1.3b,0.1,128,262144,global,success,15.146098136901855,101.65670204162598,20.01851201057434,135.45193600654602,2.5243685245513916,24,2048,1840,1418564704,1290460816,3768320,7.1875,0,1,17416.16015625,2025-12-12T15:50:01.732895,2025-12-12T15:52:17.483644,
opt-1.3b_s10_n256_per-layer,facebook/opt-1.3b,opt-1.3b,0.1,256,524288,per-layer,success,15.090452194213867,394.794641494751,20.591307401657104,429.3056926727295,2.457374095916748,24,2048,1840,1418564704,1449584016,162891520,310.69091796875,24,24,17416.16015625,2025-12-12T15:52:19.578635,2025-12-12T15:59:29.187270,
opt-1.3b_s10_n256_global,facebook/opt-1.3b,opt-1.3b,0.1,256,524288,global,success,15.070049285888672,182.02551102638245,20.02735424041748,215.89150547981262,2.5160720348358154,24,2048,1840,1418564704,1290460816,3768320,7.1875,0,1,17416.16015625,2025-12-12T15:59:31.234829,2025-12-12T16:03:07.423089,
opt-1.3b_s20_n16_per-layer,facebook/opt-1.3b,opt-1.3b,0.2,16,32768,per-layer,success,17.725648880004883,53.7337372303009,19.84017777442932,86.9835479259491,2.6843719482421875,24,2048,1632,1418564704,1283343552,128523264,245.138671875,24,24,17416.16015625,2025-12-12T16:03:09.506375,2025-12-12T16:04:36.789477,
opt-1.3b_s20_n16_global,facebook/opt-1.3b,opt-1.3b,0.2,16,32768,global,success,17.825580596923828,29.482269525527954,19.388791799545288,61.59775352478027,2.757678508758545,24,2048,1632,1418564704,1158162624,3342336,6.375,0,1,17416.16015625,2025-12-12T16:04:38.854073,2025-12-12T16:05:40.741068,
opt-1.3b_s20_n32_per-layer,facebook/opt-1.3b,opt-1.3b,0.2,32,65536,per-layer,success,16.954078674316406,75.57494187355042,19.858585596084595,108.30290937423706,2.4438071250915527,24,2048,1632,1418564704,1283343552,128523264,245.138671875,24,24,17416.16015625,2025-12-12T16:05:42.832916,2025-12-12T16:07:31.432525,
opt-1.3b_s20_n32_global,facebook/opt-1.3b,opt-1.3b,0.2,32,65536,global,success,17.188039779663086,39.37084650993347,19.385995864868164,71.72247052192688,2.585310459136963,24,2048,1632,1418564704,1158162624,3342336,6.375,0,1,17416.16015625,2025-12-12T16:07:33.490090,2025-12-12T16:08:45.500466,
opt-1.3b_s20_n64_per-layer,facebook/opt-1.3b,opt-1.3b,0.2,64,131072,per-layer,success,16.810903549194336,119.632981300354,19.86318850517273,152.65955924987793,2.606180429458618,24,2048,1632,1418564704,1283343552,128523264,245.138671875,24,24,17416.16015625,2025-12-12T16:08:47.579606,2025-12-12T16:11:20.538318,
opt-1.3b_s20_n64_global,facebook/opt-1.3b,opt-1.3b,0.2,64,131072,global,success,17.171302795410156,59.82887125015259,19.38958978652954,92.470134973526,2.428281545639038,24,2048,1632,1418564704,1158162624,3342336,6.375,0,1,17416.16015625,2025-12-12T16:11:22.623371,2025-12-12T16:12:55.382245,
opt-1.3b_s20_n128_per-layer,facebook/opt-1.3b,opt-1.3b,0.2,128,262144,per-layer,success,16.58054542541504,209.1785912513733,19.84074831008911,252.70606398582458,2.789102792739868,24,2048,1632,1418564704,1283343552,128523264,245.138671875,24,24,17416.16015625,2025-12-12T16:12:57.467116,2025-12-12T16:17:10.468370,
opt-1.3b_s20_n128_global,facebook/opt-1.3b,opt-1.3b,0.2,128,262144,global,success,16.95532989501953,101.54024457931519,19.38905930519104,135.99572348594666,3.8515477180480957,24,2048,1632,1418564704,1158162624,3342336,6.375,0,1,17416.16015625,2025-12-12T16:17:12.553117,2025-12-12T16:19:28.841803,
opt-1.3b_s20_n256_per-layer,facebook/opt-1.3b,opt-1.3b,0.2,256,524288,per-layer,success,16.50436019897461,389.0389070510864,19.861164808273315,423.4973409175873,2.429821252822876,24,2048,1632,1418564704,1283343552,128523264,245.138671875,24,24,17416.16015625,2025-12-12T16:19:30.939045,2025-12-12T16:26:34.730490,
opt-1.3b_s20_n256_global,facebook/opt-1.3b,opt-1.3b,0.2,256,524288,global,success,16.7783203125,182.79281902313232,19.38653826713562,216.49364137649536,2.6054458618164062,24,2048,1632,1418564704,1158162624,3342336,6.375,0,1,17416.16015625,2025-12-12T16:26:36.781682,2025-12-12T16:30:13.566193,
opt-1.3b_s25_n16_per-layer,facebook/opt-1.3b,opt-1.3b,0.25,16,32768,per-layer,success,19.471651077270508,54.30732011795044,19.53988528251648,88.96873044967651,3.208296775817871,24,2048,1536,1418564704,1207988832,114032640,217.5,24,24,17416.16015625,2025-12-12T16:30:15.661280,2025-12-12T16:31:44.922045,
opt-1.3b_s25_n16_global,facebook/opt-1.3b,opt-1.3b,0.25,16,32768,global,success,20.047039031982422,29.971147775650024,19.14825987815857,63.01218128204346,2.9468257427215576,24,2048,1536,1418564704,1097101920,3145728,6.0,0,1,17416.16015625,2025-12-12T16:31:47.018105,2025-12-12T16:32:50.318953,
opt-1.3b_s25_n32_per-layer,facebook/opt-1.3b,opt-1.3b,0.25,32,65536,per-layer,success,18.2900390625,76.21839165687561,19.54541802406311,110.21031188964844,3.421238660812378,24,2048,1536,1418564704,1207988832,114032640,217.5,24,24,17416.16015625,2025-12-12T16:32:52.399586,2025-12-12T16:34:42.901562,
opt-1.3b_s25_n32_global,facebook/opt-1.3b,opt-1.3b,0.25,32,65536,global,success,19.228517532348633,40.42965340614319,19.163862228393555,74.04852366447449,2.527787923812866,24,2048,1536,1418564704,1097101920,3145728,6.0,0,1,17416.16015625,2025-12-12T16:34:45.007134,2025-12-12T16:35:59.346825,
opt-1.3b_s25_n64_per-layer,facebook/opt-1.3b,opt-1.3b,0.25,64,131072,per-layer,success,18.043195724487305,118.88789248466492,19.54558277130127,152.10365223884583,2.5415127277374268,24,2048,1536,1418564704,1207988832,114032640,217.5,24,24,17416.16015625,2025-12-12T16:36:01.389613,2025-12-12T16:38:33.860082,
opt-1.3b_s25_n64_global,facebook/opt-1.3b,opt-1.3b,0.25,64,131072,global,success,18.909927368164062,60.96509623527527,19.155774116516113,94.46958780288696,3.044562339782715,24,2048,1536,1418564704,1097101920,3145728,6.0,0,1,17416.16015625,2025-12-12T16:38:35.907682,2025-12-12T16:40:10.671268,
opt-1.3b_s25_n128_per-layer,facebook/opt-1.3b,opt-1.3b,0.25,128,262144,per-layer,success,17.76970100402832,207.23880529403687,19.546112775802612,241.49229407310486,3.050849437713623,24,2048,1536,1418564704,1207988832,114032640,217.5,24,24,17416.16015625,2025-12-12T16:40:12.719832,2025-12-12T16:44:14.504233,
opt-1.3b_s25_n128_global,facebook/opt-1.3b,opt-1.3b,0.25,128,262144,global,success,18.71785545349121,101.71941757202148,19.154221534729004,135.83637523651123,2.921477794647217,24,2048,1536,1418564704,1097101920,3145728,6.0,0,1,17416.16015625,2025-12-12T16:44:16.635203,2025-12-12T16:46:32.758535,
opt-1.3b_s25_n256_per-layer,facebook/opt-1.3b,opt-1.3b,0.25,256,524288,per-layer,success,17.608583450317383,386.9039902687073,19.544992446899414,422.8705246448517,3.790621519088745,24,2048,1536,1418564704,1207988832,114032640,217.5,24,24,17416.16015625,2025-12-12T16:46:34.855796,2025-12-12T16:53:38.024478,
opt-1.3b_s25_n256_global,facebook/opt-1.3b,opt-1.3b,0.25,256,524288,global,success,18.497480392456055,182.8330318927765,19.159413814544678,216.51161742210388,2.732174873352051,24,2048,1536,1418564704,1097101920,3145728,6.0,0,1,17416.16015625,2025-12-12T16:53:40.115395,2025-12-12T16:57:16.914029,
opt-1.3b_s30_n16_per-layer,facebook/opt-1.3b,opt-1.3b,0.3,16,32768,per-layer,success,22.43329620361328,55.314011096954346,19.395065307617188,88.0081958770752,2.43597412109375,24,2048,1432,1418564704,1127332152,99312064,189.4227294921875,24,24,17416.16015625,2025-12-12T16:57:19.014300,2025-12-12T16:58:47.311941,
opt-1.3b_s30_n16_global,facebook/opt-1.3b,opt-1.3b,0.3,16,32768,global,success,24.775182723999023,29.839133262634277,19.0087673664093,62.765100717544556,2.3822522163391113,24,2048,1432,1418564704,1030952824,2932736,5.59375,0,1,17416.16015625,2025-12-12T16:58:49.409685,2025-12-12T16:59:52.472490,
opt-1.3b_s30_n32_per-layer,facebook/opt-1.3b,opt-1.3b,0.3,32,65536,per-layer,success,20.612918853759766,77.11625337600708,19.39492964744568,110.3637068271637,2.4850270748138428,24,2048,1432,1418564704,1127332152,99312064,189.4227294921875,24,24,17416.16015625,2025-12-12T16:59:54.541692,2025-12-12T17:01:45.200645,
opt-1.3b_s30_n32_global,facebook/opt-1.3b,opt-1.3b,0.3,32,65536,global,success,22.87860870361328,40.43608641624451,19.004120588302612,73.80234479904175,3.1062440872192383,24,2048,1432,1418564704,1030952824,2932736,5.59375,0,1,17416.16015625,2025-12-12T17:01:47.298186,2025-12-12T17:03:01.393376,
opt-1.3b_s30_n64_per-layer,facebook/opt-1.3b,opt-1.3b,0.3,64,131072,per-layer,success,20.041309356689453,121.82618880271912,19.355907440185547,155.7414722442627,3.0284786224365234,24,2048,1432,1418564704,1127332152,99312064,189.4227294921875,24,24,17416.16015625,2025-12-12T17:03:03.487931,2025-12-12T17:05:39.518722,
opt-1.3b_s30_n64_global,facebook/opt-1.3b,opt-1.3b,0.3,64,131072,global,success,22.33623504638672,60.80899357795715,19.008833169937134,93.31798505783081,2.3854005336761475,24,2048,1432,1418564704,1030952824,2932736,5.59375,0,1,17416.16015625,2025-12-12T17:05:41.618527,2025-12-12T17:07:15.230056,
opt-1.3b_s30_n128_per-layer,facebook/opt-1.3b,opt-1.3b,0.3,128,262144,per-layer,success,19.601362228393555,209.28072571754456,19.34752082824707,242.5459108352661,2.7263803482055664,24,2048,1432,1418564704,1127332152,99312064,189.4227294921875,24,24,17416.16015625,2025-12-12T17:07:17.308776,2025-12-12T17:11:20.142745,
opt-1.3b_s30_n128_global,facebook/opt-1.3b,opt-1.3b,0.3,128,262144,global,success,21.63140106201172,101.64920425415039,19.00738763809204,135.49868369102478,3.587158441543579,24,2048,1432,1418564704,1030952824,2932736,5.59375,0,1,17416.16015625,2025-12-12T17:11:22.241675,2025-12-12T17:13:38.038662,
opt-1.3b_s30_n256_per-layer,facebook/opt-1.3b,opt-1.3b,0.3,256,524288,per-layer,success,19.364072799682617,385.94774627685547,19.351964712142944,419.8991708755493,3.063405990600586,24,2048,1432,1418564704,1127332152,99312064,189.4227294921875,24,24,17416.16015625,2025-12-12T17:13:40.135371,2025-12-12T17:20:40.323683,
opt-1.3b_s30_n256_global,facebook/opt-1.3b,opt-1.3b,0.3,256,524288,global,success,21.494680404663086,181.89728808403015,19.00324296951294,214.51869869232178,2.8079335689544678,24,2048,1432,1418564704,1030952824,2932736,5.59375,0,1,17416.16015625,2025-12-12T17:20:42.387641,2025-12-12T17:24:17.198204,
opt-2.7b_s10_n16_per-layer,facebook/opt-2.7b,opt-2.7b,0.1,16,32768,per-layer,success,13.095749855041504,96.84870624542236,30.762912273406982,147.20514130592346,2.932138204574585,32,2560,2304,2780010592,2857891680,340328448,649.125,32,32,17500.81298828125,2025-12-12T17:24:19.255211,2025-12-12T17:26:46.811009,
opt-2.7b_s10_n16_global,facebook/opt-2.7b,opt-2.7b,0.1,16,32768,global,success,13.074981689453125,54.39863109588623,29.575554370880127,103.78380131721497,2.732078790664673,32,2560,2304,2780010592,2523461472,5898240,11.25,0,1,17680.1689453125,2025-12-12T17:26:48.963560,2025-12-12T17:28:33.088732,
opt-2.7b_s10_n32_per-layer,facebook/opt-2.7b,opt-2.7b,0.1,32,65536,per-layer,success,12.884785652160645,129.70746517181396,30.752788543701172,179.6438126564026,2.882550001144409,32,2560,2304,2780010592,2857891680,340328448,649.125,32,32,17680.1689453125,2025-12-12T17:28:35.144952,2025-12-12T17:31:35.143432,
opt-2.7b_s10_n32_global,facebook/opt-2.7b,opt-2.7b,0.1,32,65536,global,success,12.92778491973877,73.15806365013123,29.571739196777344,123.07283782958984,2.7963790893554688,32,2560,2304,2780010592,2523461472,5898240,11.25,0,1,17680.1689453125,2025-12-12T17:31:37.266981,2025-12-12T17:33:40.676901,
opt-2.7b_s10_n64_per-layer,facebook/opt-2.7b,opt-2.7b,0.1,64,131072,per-layer,success,12.862276077270508,217.81305360794067,30.73113441467285,267.78215193748474,2.6427481174468994,32,2560,2304,2780010592,2857891680,340328448,649.125,32,32,17680.1689453125,2025-12-12T17:33:42.779151,2025-12-12T17:38:10.913547,
opt-2.7b_s10_n64_global,facebook/opt-2.7b,opt-2.7b,0.1,64,131072,global,success,12.892829895019531,108.7851927280426,29.571096658706665,158.46118831634521,3.6507062911987305,32,2560,2304,2780010592,2523461472,5898240,11.25,0,1,17680.1689453125,2025-12-12T17:38:13.046861,2025-12-12T17:40:51.844747,
opt-2.7b_s10_n128_per-layer,facebook/opt-2.7b,opt-2.7b,0.1,128,262144,per-layer,success,12.819289207458496,375.76145005226135,30.728570461273193,425.51542830467224,2.813368558883667,32,2560,2304,2780010592,2857891680,340328448,649.125,32,32,17680.1689453125,2025-12-12T17:40:53.900283,2025-12-12T17:47:59.765087,
opt-2.7b_s10_n128_global,facebook/opt-2.7b,opt-2.7b,0.1,128,262144,global,success,12.841170310974121,178.56909012794495,29.56655740737915,228.8005018234253,3.862445116043091,32,2560,2304,2780010592,2523461472,5898240,11.25,0,1,17680.1689453125,2025-12-12T17:48:01.852625,2025-12-12T17:51:50.995478,
opt-2.7b_s10_n256_per-layer,facebook/opt-2.7b,opt-2.7b,0.1,256,524288,per-layer,success,12.766386032104492,715.4408183097839,30.714802742004395,767.1356801986694,3.1571452617645264,32,2560,2304,2780010592,2857891680,340328448,649.125,32,32,17680.1689453125,2025-12-12T17:51:53.223236,2025-12-12T18:04:40.717648,
opt-2.7b_s10_n256_global,facebook/opt-2.7b,opt-2.7b,0.1,256,524288,global,success,12.777095794677734,334.11026310920715,29.55284547805786,385.357293844223,3.507922649383545,32,2560,2304,2780010592,2523461472,5898240,11.25,0,1,17680.1689453125,2025-12-12T18:04:42.851418,2025-12-12T18:11:08.547390,
opt-2.7b_s20_n16_per-layer,facebook/opt-2.7b,opt-2.7b,0.2,16,32768,per-layer,success,14.735052108764648,90.39098978042603,29.47358751296997,138.91082096099854,2.71673846244812,32,2560,2048,2780010592,2524599904,269484032,514.0,32,32,17680.1689453125,2025-12-12T18:11:10.603123,2025-12-12T18:13:29.852048,
opt-2.7b_s20_n16_global,facebook/opt-2.7b,opt-2.7b,0.2,16,32768,global,success,14.832871437072754,53.32045793533325,28.557187795639038,101.06542325019836,2.6447415351867676,32,2560,2048,2780010592,2260358752,5242880,10.0,0,1,17680.1689453125,2025-12-12T18:13:31.988356,2025-12-12T18:15:13.387710,
opt-2.7b_s20_n32_per-layer,facebook/opt-2.7b,opt-2.7b,0.2,32,65536,per-layer,success,14.161044120788574,129.13136315345764,29.471240043640137,177.54784679412842,2.8426570892333984,32,2560,2048,2780010592,2524599904,269484032,514.0,32,32,17680.1689453125,2025-12-12T18:15:15.516355,2025-12-12T18:18:13.406355,
opt-2.7b_s20_n32_global,facebook/opt-2.7b,opt-2.7b,0.2,32,65536,global,success,14.500994682312012,70.57642936706543,28.558406114578247,117.89246129989624,2.451115608215332,32,2560,2048,2780010592,2260358752,5242880,10.0,0,1,17680.1689453125,2025-12-12T18:18:15.525632,2025-12-12T18:20:13.751597,
opt-2.7b_s20_n64_per-layer,facebook/opt-2.7b,opt-2.7b,0.2,64,131072,per-layer,success,14.020303726196289,209.58642506599426,29.471811771392822,264.36394214630127,2.692034959793091,32,2560,2048,2780010592,2524599904,269484032,514.0,32,32,17680.1689453125,2025-12-12T18:20:15.807873,2025-12-12T18:24:40.509917,
opt-2.7b_s20_n64_global,facebook/opt-2.7b,opt-2.7b,0.2,64,131072,global,success,14.274189949035645,107.53201341629028,28.556110620498657,154.92789554595947,2.6184608936309814,32,2560,2048,2780010592,2260358752,5242880,10.0,0,1,17680.1689453125,2025-12-12T18:24:42.639427,2025-12-12T18:27:17.899388,
opt-2.7b_s20_n128_per-layer,facebook/opt-2.7b,opt-2.7b,0.2,128,262144,per-layer,success,13.897852897644043,372.9941301345825,29.47220730781555,425.72705912590027,2.9287109375,32,2560,2048,2780010592,2524599904,269484032,514.0,32,32,17680.1689453125,2025-12-12T18:27:20.028785,2025-12-12T18:34:26.095313,
opt-2.7b_s20_n128_global,facebook/opt-2.7b,opt-2.7b,0.2,128,262144,global,success,14.078717231750488,181.1255509853363,28.569371461868286,229.40730738639832,2.6493053436279297,32,2560,2048,2780010592,2260358752,5242880,10.0,0,1,17680.1689453125,2025-12-12T18:34:28.225848,2025-12-12T18:38:17.965826,
opt-2.7b_s20_n256_per-layer,facebook/opt-2.7b,opt-2.7b,0.2,256,524288,per-layer,success,13.788865089416504,700.2062330245972,29.470118045806885,749.1353075504303,2.706911325454712,32,2560,2048,2780010592,2524599904,269484032,514.0,32,32,17680.1689453125,2025-12-12T18:38:20.018663,2025-12-12T18:50:49.492905,
opt-2.7b_s20_n256_global,facebook/opt-2.7b,opt-2.7b,0.2,256,524288,global,success,13.95871639251709,329.6851806640625,28.5644371509552,378.8615348339081,3.2405970096588135,32,2560,2048,2780010592,2260358752,5242880,10.0,0,1,17680.1689453125,2025-12-12T18:50:51.631797,2025-12-12T18:57:10.822972,
opt-2.7b_s25_n16_per-layer,facebook/opt-2.7b,opt-2.7b,0.25,16,32768,per-layer,success,16.23348617553711,92.17046976089478,28.83596396446228,139.45515251159668,2.6188528537750244,32,2560,1920,2780010592,2361050592,237158400,452.34375,32,32,17680.1689453125,2025-12-12T18:57:12.879738,2025-12-12T18:59:32.667792,
opt-2.7b_s25_n16_global,facebook/opt-2.7b,opt-2.7b,0.25,16,32768,global,success,16.384729385375977,52.180429220199585,28.01901936531067,98.07070684432983,2.9784886837005615,32,2560,1920,2780010592,2128807392,4915200,9.375,0,1,17680.1689453125,2025-12-12T18:59:34.807462,2025-12-12T19:01:13.201368,
opt-2.7b_s25_n32_per-layer,facebook/opt-2.7b,opt-2.7b,0.25,32,65536,per-layer,success,15.296363830566406,127.88496494293213,28.843639135360718,174.87010765075684,2.748413324356079,32,2560,1920,2780010592,2361050592,237158400,452.34375,32,32,17680.1689453125,2025-12-12T19:01:15.251763,2025-12-12T19:04:10.454936,
opt-2.7b_s25_n32_global,facebook/opt-2.7b,opt-2.7b,0.25,32,65536,global,success,15.890740394592285,70.63985633850098,28.029254913330078,116.83718347549438,3.311983585357666,32,2560,1920,2780010592,2128807392,4915200,9.375,0,1,17680.1689453125,2025-12-12T19:04:12.550530,2025-12-12T19:06:09.716662,
opt-2.7b_s25_n64_per-layer,facebook/opt-2.7b,opt-2.7b,0.25,64,131072,per-layer,success,15.043396949768066,208.66252279281616,28.84226894378662,257.4305930137634,3.158437967300415,32,2560,1920,2780010592,2361050592,237158400,452.34375,32,32,17680.1689453125,2025-12-12T19:06:11.769644,2025-12-12T19:10:29.543236,
opt-2.7b_s25_n64_global,facebook/opt-2.7b,opt-2.7b,0.25,64,131072,global,success,15.611615180969238,107.80470895767212,28.014228582382202,154.98563599586487,2.770827293395996,32,2560,1920,2780010592,2128807392,4915200,9.375,0,1,17680.1689453125,2025-12-12T19:10:31.662199,2025-12-12T19:13:06.972651,
opt-2.7b_s25_n128_per-layer,facebook/opt-2.7b,opt-2.7b,0.25,128,262144,per-layer,success,14.839139938354492,366.81654715538025,28.842382192611694,414.0293800830841,2.587399482727051,32,2560,1920,2780010592,2361050592,237158400,452.34375,32,32,17680.1689453125,2025-12-12T19:13:09.032512,2025-12-12T19:20:03.510541,
opt-2.7b_s25_n128_global,facebook/opt-2.7b,opt-2.7b,0.25,128,262144,global,success,15.273853302001953,181.34540152549744,28.024429082870483,229.93859457969666,3.2431421279907227,32,2560,1920,2780010592,2128807392,4915200,9.375,0,1,17680.1689453125,2025-12-12T19:20:05.562075,2025-12-12T19:23:55.823599,
opt-2.7b_s25_n256_per-layer,facebook/opt-2.7b,opt-2.7b,0.25,256,524288,per-layer,success,14.70311450958252,693.2008988857269,28.837653160095215,741.9283359050751,2.5868895053863525,32,2560,1920,2780010592,2361050592,237158400,452.34375,32,32,17680.1689453125,2025-12-12T19:23:57.958786,2025-12-12T19:36:20.223972,
opt-2.7b_s25_n256_global,facebook/opt-2.7b,opt-2.7b,0.25,256,524288,global,success,15.184072494506836,328.9479298591614,28.024184226989746,378.27057337760925,3.060863494873047,32,2560,1920,2780010592,2128807392,4915200,9.375,0,1,17680.1689453125,2025-12-12T19:36:22.349360,2025-12-12T19:42:40.950064,
opt-2.7b_s30_n16_per-layer,facebook/opt-2.7b,opt-2.7b,0.3,16,32768,per-layer,success,18.81755828857422,89.72806406021118,28.2097589969635,137.17372941970825,2.5448243618011475,32,2560,1792,2780010592,2199565664,206897152,394.625,32,32,17680.1689453125,2025-12-12T19:42:43.073594,2025-12-12T19:45:00.587264,
opt-2.7b_s30_n16_global,facebook/opt-2.7b,opt-2.7b,0.3,16,32768,global,success,19.032516479492188,52.171085596084595,27.491502285003662,98.74252820014954,2.6633193492889404,32,2560,1792,2780010592,1997256032,4587520,8.75,0,1,17680.1689453125,2025-12-12T19:45:02.640112,2025-12-12T19:46:41.711097,
opt-2.7b_s30_n32_per-layer,facebook/opt-2.7b,opt-2.7b,0.3,32,65536,per-layer,success,17.08415985107422,126.21133661270142,28.19842839241028,174.23519921302795,3.132732391357422,32,2560,1792,2780010592,2199565664,206897152,394.625,32,32,17680.1689453125,2025-12-12T19:46:43.842896,2025-12-12T19:49:38.403614,
opt-2.7b_s30_n32_global,facebook/opt-2.7b,opt-2.7b,0.3,32,65536,global,success,18.240650177001953,70.56600522994995,27.50670623779297,117.98926115036011,2.562244176864624,32,2560,1792,2780010592,1997256032,4587520,8.75,0,1,17680.1689453125,2025-12-12T19:49:40.453512,2025-12-12T19:51:38.770156,
opt-2.7b_s30_n64_per-layer,facebook/opt-2.7b,opt-2.7b,0.3,64,131072,per-layer,success,16.66858673095703,206.39758467674255,28.200255393981934,253.3112132549286,2.327415943145752,32,2560,1792,2780010592,2199565664,206897152,394.625,32,32,17680.1689453125,2025-12-12T19:51:40.901919,2025-12-12T19:55:54.540261,
opt-2.7b_s30_n64_global,facebook/opt-2.7b,opt-2.7b,0.3,64,131072,global,success,17.815439224243164,107.59891939163208,27.491087675094604,157.66837406158447,2.6624717712402344,32,2560,1792,2780010592,1997256032,4587520,8.75,0,1,17680.1689453125,2025-12-12T19:55:56.672775,2025-12-12T19:58:34.672559,
opt-2.7b_s30_n128_per-layer,facebook/opt-2.7b,opt-2.7b,0.3,128,262144,per-layer,success,16.303979873657227,367.59115529060364,28.20431900024414,415.00167298316956,2.444493055343628,32,2560,1792,2780010592,2199565664,206897152,394.625,32,32,17680.1689453125,2025-12-12T19:58:36.729171,2025-12-12T20:05:32.065205,
opt-2.7b_s30_n128_global,facebook/opt-2.7b,opt-2.7b,0.3,128,262144,global,success,17.37018394470215,180.6628725528717,27.499184608459473,228.28806018829346,3.0972352027893066,32,2560,1792,2780010592,1997256032,4587520,8.75,0,1,17680.1689453125,2025-12-12T20:05:34.192247,2025-12-12T20:09:22.804572,
opt-2.7b_s30_n256_per-layer,facebook/opt-2.7b,opt-2.7b,0.3,256,524288,per-layer,success,16.07011604309082,690.317999124527,28.20891547203064,740.3177721500397,2.661452293395996,32,2560,1792,2780010592,2199565664,206897152,394.625,32,32,17680.1689453125,2025-12-12T20:09:24.934995,2025-12-12T20:21:45.580786,
opt-2.7b_s30_n256_global,facebook/opt-2.7b,opt-2.7b,0.3,256,524288,global,success,17.144573211669922,330.3927524089813,27.48939299583435,377.4794042110443,2.626037120819092,32,2560,1792,2780010592,1997256032,4587520,8.75,0,1,17680.1689453125,2025-12-12T20:21:47.684550,2025-12-12T20:28:05.490645,
opt-6.7b_s10_n16_per-layer,facebook/opt-6.7b,opt-6.7b,0.1,16,32768,per-layer,success,11.280566215515137,205.77713131904602,47.07568407058716,295.0524663925171,3.822086811065674,32,4096,3680,6863905888,7062862528,868244480,1656.044921875,32,32,18815.22900390625,2025-12-13T10:36:08.876918,2025-12-13T10:41:04.316987,
opt-6.7b_s10_n16_global,facebook/opt-6.7b,opt-6.7b,0.1,16,32768,global,success,11.270979881286621,128.08996653556824,46.2582471370697,214.54574728012085,4.887703895568848,32,4096,3680,6863905888,6209691328,15073280,28.75,0,1,22579.73583984375,2025-12-12T20:32:28.336653,2025-12-12T20:36:03.328631,
opt-6.7b_s10_n32_per-layer,facebook/opt-6.7b,opt-6.7b,0.1,32,65536,per-layer,success,11.107575416564941,296.14820861816406,47.03491473197937,381.33822202682495,3.259584665298462,32,4096,3680,6863905888,7062862528,868244480,1656.044921875,32,32,18815.22900390625,2025-12-13T10:41:09.451940,2025-12-13T10:47:31.281057,
opt-6.7b_s10_n32_global,facebook/opt-6.7b,opt-6.7b,0.1,32,65536,global,success,11.20142936706543,168.5024175643921,45.09369969367981,253.6899275779724,3.189432382583618,32,4096,3680,6863905888,6209691328,15073280,28.75,0,1,22579.73583984375,2025-12-12T20:41:51.051143,2025-12-12T20:46:05.192033,
opt-6.7b_s10_n64_per-layer,facebook/opt-6.7b,opt-6.7b,0.1,64,131072,per-layer,success,11.057472229003906,472.75220489501953,47.07278370857239,556.9986956119537,3.1059839725494385,32,4096,3680,6863905888,7062862528,868244480,1656.044921875,32,32,18815.22900390625,2025-12-13T10:47:36.391905,2025-12-13T10:56:53.777371,
opt-6.7b_s10_n64_global,facebook/opt-6.7b,opt-6.7b,0.1,64,131072,global,success,11.168168067932129,250.0434319972992,44.20548987388611,331.7630774974823,3.436321973800659,32,4096,3680,6863905888,6209691328,15073280,28.75,0,1,22579.73583984375,2025-12-12T20:54:46.595431,2025-12-12T21:00:18.812936,
opt-6.7b_s10_n128_per-layer,facebook/opt-6.7b,opt-6.7b,0.1,128,262144,per-layer,success,11.004019737243652,819.5125703811646,47.168352127075195,904.7652373313904,3.7131190299987793,32,4096,3680,6863905888,7062862528,868244480,1656.044921875,32,32,18815.22900390625,2025-12-13T10:56:58.888000,2025-12-13T11:12:04.041722,
opt-6.7b_s10_n128_global,facebook/opt-6.7b,opt-6.7b,0.1,128,262144,global,success,11.132671356201172,418.0491409301758,69.32480812072754,525.536562204361,3.0740833282470703,32,4096,3680,6863905888,6209691328,15073280,28.75,0,1,22579.73583984375,2025-12-12T21:15:08.319083,2025-12-12T21:23:54.386569,
opt-6.7b_s10_n256_per-layer,facebook/opt-6.7b,opt-6.7b,0.1,256,524288,per-layer,success,10.95638370513916,1519.066815853119,47.165122747421265,1604.3028273582458,3.2989983558654785,32,4096,3680,6863905888,7062862528,868244480,1656.044921875,32,32,18815.22900390625,2025-12-13T11:12:09.143324,2025-12-13T11:38:53.839163,
opt-6.7b_s10_n256_global,facebook/opt-6.7b,opt-6.7b,0.1,256,524288,global,success,11.04301929473877,746.4360585212708,69.33448505401611,856.4261956214905,3.7190113067626953,32,4096,3680,6863905888,6209691328,15073280,28.75,0,1,22579.73583984375,2025-12-12T21:50:39.466581,2025-12-12T22:04:56.337731,
opt-6.7b_s20_n16_per-layer,facebook/opt-6.7b,opt-6.7b,0.2,16,32768,per-layer,success,12.376656532287598,220.79136443138123,67.28502154350281,328.46186208724976,3.4804816246032715,32,4096,3272,6863905888,6226080232,687879104,1312.0252685546875,32,32,22579.73583984375,2025-12-12T22:04:58.406505,2025-12-12T22:10:27.316670,
opt-6.7b_s20_n16_global,facebook/opt-6.7b,opt-6.7b,0.2,16,32768,global,success,12.314143180847168,129.21386098861694,44.1532506942749,217.14715886116028,4.9696946144104,32,4096,3272,6863905888,5551603240,13402112,25.5625,0,1,22579.73583984375,2025-12-12T22:10:29.382802,2025-12-12T22:14:06.975523,
opt-6.7b_s20_n32_per-layer,facebook/opt-6.7b,opt-6.7b,0.2,32,65536,per-layer,success,11.884697914123535,303.37642526626587,48.052560567855835,392.51901721954346,4.049959421157837,32,4096,3272,6863905888,6226080232,687879104,1312.0252685546875,32,32,22579.73583984375,2025-12-12T22:14:09.032875,2025-12-12T22:20:41.998052,
opt-6.7b_s20_n32_global,facebook/opt-6.7b,opt-6.7b,0.2,32,65536,global,success,12.104289054870605,169.5027039051056,44.14966869354248,254.75013780593872,4.846186637878418,32,4096,3272,6863905888,5551603240,13402112,25.5625,0,1,22579.73583984375,2025-12-12T22:20:44.120382,2025-12-12T22:24:59.316145,
opt-6.7b_s20_n64_per-layer,facebook/opt-6.7b,opt-6.7b,0.2,64,131072,per-layer,success,11.729336738586426,476.8855412006378,48.04999661445618,572.0895597934723,5.849084138870239,32,4096,3272,6863905888,6226080232,687879104,1312.0252685546875,32,32,22579.73583984375,2025-12-12T22:25:01.372811,2025-12-12T22:34:33.907879,
opt-6.7b_s20_n64_global,facebook/opt-6.7b,opt-6.7b,0.2,64,131072,global,success,11.963383674621582,251.0540690422058,44.17111587524414,340.748055934906,8.913164138793945,32,4096,3272,6863905888,5551603240,13402112,25.5625,0,1,22579.73583984375,2025-12-12T22:34:36.057419,2025-12-12T22:40:17.250680,
opt-6.7b_s20_n128_per-layer,facebook/opt-6.7b,opt-6.7b,0.2,128,262144,per-layer,success,11.623270988464355,826.6612510681152,48.04456090927124,916.8991496562958,4.627395391464233,32,4096,3272,6863905888,6226080232,687879104,1312.0252685546875,32,32,22579.73583984375,2025-12-12T22:40:19.305782,2025-12-12T22:55:36.656301,
opt-6.7b_s20_n128_global,facebook/opt-6.7b,opt-6.7b,0.2,128,262144,global,success,11.85523509979248,412.65279603004456,44.15354251861572,499.7097809314728,3.8102779388427734,32,4096,3272,6863905888,5551603240,13402112,25.5625,0,1,22579.73583984375,2025-12-12T22:55:38.717798,2025-12-12T23:03:58.900040,
opt-6.7b_s20_n256_per-layer,facebook/opt-6.7b,opt-6.7b,0.2,256,524288,per-layer,success,11.522263526916504,1536.5104584693909,48.15693211555481,1627.7447752952576,4.012998104095459,32,4096,3272,6863905888,6226080232,687879104,1312.0252685546875,32,32,22579.73583984375,2025-12-12T23:04:00.994215,2025-12-12T23:31:09.266662,
opt-6.7b_s20_n256_global,facebook/opt-6.7b,opt-6.7b,0.2,256,524288,global,success,11.743727684020996,744.3562953472137,44.09173798561096,827.8269317150116,3.594913959503174,32,4096,3272,6863905888,5551603240,13402112,25.5625,0,1,22579.73583984375,2025-12-12T23:31:11.332473,2025-12-12T23:44:59.599785,
opt-6.7b_s25_n16_per-layer,facebook/opt-6.7b,opt-6.7b,0.25,16,32768,per-layer,success,13.212608337402344,217.63491988182068,41.62419271469116,302.9752390384674,4.209065675735474,32,4096,3072,6863905888,5823553632,607125504,1158.0,32,32,22579.73583984375,2025-12-12T23:45:01.654334,2025-12-12T23:50:05.085173,
opt-6.7b_s25_n16_global,facebook/opt-6.7b,opt-6.7b,0.25,16,32768,global,success,13.16464614868164,132.44257831573486,39.56752157211304,218.4746859073639,8.621215105056763,32,4096,3072,6863905888,5229011040,12582912,24.0,0,1,22579.73583984375,2025-12-12T23:50:07.210429,2025-12-12T23:53:46.126999,
opt-6.7b_s25_n32_per-layer,facebook/opt-6.7b,opt-6.7b,0.25,32,65536,per-layer,success,12.504313468933105,307.02274918556213,41.628111362457275,387.53252625465393,3.9219741821289062,32,4096,3072,6863905888,5823553632,607125504,1158.0,32,32,22579.73583984375,2025-12-12T23:53:48.180881,2025-12-13T00:00:16.163033,
opt-6.7b_s25_n32_global,facebook/opt-6.7b,opt-6.7b,0.25,32,65536,global,success,12.790510177612305,173.51074385643005,39.58551645278931,256.0226595401764,3.4627461433410645,32,4096,3072,6863905888,5229011040,12582912,24.0,0,1,22579.73583984375,2025-12-13T00:00:18.282667,2025-12-13T00:04:34.745806,
opt-6.7b_s25_n64_per-layer,facebook/opt-6.7b,opt-6.7b,0.25,64,131072,per-layer,success,12.272978782653809,478.41316628456116,41.6216938495636,561.2820632457733,7.253493547439575,32,4096,3072,6863905888,5823553632,607125504,1158.0,32,32,22579.73583984375,2025-12-13T00:04:36.800940,2025-12-13T00:13:58.610217,
opt-6.7b_s25_n64_global,facebook/opt-6.7b,opt-6.7b,0.25,64,131072,global,success,12.577109336853027,255.3964912891388,39.56609869003296,345.77367758750916,9.896592378616333,32,4096,3072,6863905888,5229011040,12582912,24.0,0,1,22579.73583984375,2025-12-13T00:14:00.745821,2025-12-13T00:19:46.965163,
opt-6.7b_s25_n128_per-layer,facebook/opt-6.7b,opt-6.7b,0.25,128,262144,per-layer,success,12.11782169342041,828.2140407562256,41.62434220314026,910.6986465454102,3.738490104675293,32,4096,3072,6863905888,5823553632,607125504,1158.0,32,32,22579.73583984375,2025-12-13T00:19:49.019411,2025-12-13T00:35:00.166820,
opt-6.7b_s25_n128_global,facebook/opt-6.7b,opt-6.7b,0.25,128,262144,global,success,12.472095489501953,418.02290415763855,39.575559854507446,501.95558190345764,7.701642036437988,32,4096,3072,6863905888,5229011040,12582912,24.0,0,1,22579.73583984375,2025-12-13T00:35:02.273901,2025-12-13T00:43:24.675575,
opt-6.7b_s25_n256_per-layer,facebook/opt-6.7b,opt-6.7b,0.25,256,524288,per-layer,success,11.988959312438965,1518.0135889053345,41.62887096405029,1603.4997441768646,5.514881134033203,32,4096,3072,6863905888,5823553632,607125504,1158.0,32,32,22579.73583984375,2025-12-13T00:43:26.729781,2025-12-13T01:10:10.754744,
opt-6.7b_s25_n256_global,facebook/opt-6.7b,opt-6.7b,0.25,256,524288,global,success,12.342132568359375,744.206536769867,39.55671405792236,828.1084320545197,4.944324970245361,32,4096,3072,6863905888,5229011040,12582912,24.0,0,1,22579.73583984375,2025-12-13T01:10:12.885797,2025-12-13T01:24:01.440095,
opt-6.7b_s30_n16_per-layer,facebook/opt-6.7b,opt-6.7b,0.3,16,32768,per-layer,success,14.483531951904297,216.5033404827118,40.57004475593567,299.31615567207336,6.369965076446533,32,4096,2864,6863905888,5410272400,528488192,1008.01123046875,32,32,22579.73583984375,2025-12-13T01:24:03.494711,2025-12-13T01:29:03.321429,
opt-6.7b_s30_n16_global,facebook/opt-6.7b,opt-6.7b,0.3,16,32768,global,success,14.477950096130371,132.07635951042175,38.703200578689575,210.32907629013062,4.481982707977295,32,4096,2864,6863905888,4893515152,11730944,22.375,0,1,22579.73583984375,2025-12-13T01:29:05.439571,2025-12-13T01:32:36.196116,
opt-6.7b_s30_n32_per-layer,facebook/opt-6.7b,opt-6.7b,0.3,32,65536,per-layer,success,13.358823776245117,305.0265393257141,40.64760208129883,387.9626853466034,3.718601703643799,32,4096,2864,6863905888,5410272400,528488192,1008.01123046875,32,32,22579.73583984375,2025-12-13T01:32:38.250750,2025-12-13T01:39:06.726061,
opt-6.7b_s30_n32_global,facebook/opt-6.7b,opt-6.7b,0.3,32,65536,global,success,13.8391695022583,172.92623162269592,38.70904088020325,252.2102334499359,3.3609273433685303,32,4096,2864,6863905888,4893515152,11730944,22.375,0,1,22579.73583984375,2025-12-13T01:39:08.832697,2025-12-13T01:43:21.469842,
opt-6.7b_s30_n64_per-layer,facebook/opt-6.7b,opt-6.7b,0.3,64,131072,per-layer,success,13.021309852600098,471.39009404182434,40.846558809280396,551.9028174877167,4.865678071975708,32,4096,2864,6863905888,5410272400,528488192,1008.01123046875,32,32,22579.73583984375,2025-12-13T01:43:23.524230,2025-12-13T01:52:35.870141,
opt-6.7b_s30_n64_global,facebook/opt-6.7b,opt-6.7b,0.3,64,131072,global,success,13.564674377441406,251.56075143814087,38.942657470703125,337.30885100364685,3.3064472675323486,32,4096,2864,6863905888,4893515152,11730944,22.375,0,1,22579.73583984375,2025-12-13T01:52:37.985750,2025-12-13T01:58:15.727577,
opt-6.7b_s30_n128_per-layer,facebook/opt-6.7b,opt-6.7b,0.3,128,262144,per-layer,success,12.807265281677246,813.4929835796356,40.77580404281616,895.2256135940552,4.139887571334839,32,4096,2864,6863905888,5410272400,528488192,1008.01123046875,32,32,22579.73583984375,2025-12-13T01:58:17.783372,2025-12-13T02:13:13.448747,
opt-6.7b_s30_n128_global,facebook/opt-6.7b,opt-6.7b,0.3,128,262144,global,success,13.322033882141113,412.4857256412506,38.89940094947815,493.52865409851074,4.2111656665802,32,4096,2864,6863905888,4893515152,11730944,22.375,0,1,22579.73583984375,2025-12-13T02:13:15.565730,2025-12-13T02:21:29.527242,
opt-6.7b_s30_n256_per-layer,facebook/opt-6.7b,opt-6.7b,0.3,256,524288,per-layer,success,12.634411811828613,1501.3707728385925,40.74488592147827,1580.5634317398071,3.6274259090423584,32,4096,2864,6863905888,5410272400,528488192,1008.01123046875,32,32,22579.73583984375,2025-12-13T02:21:31.582985,2025-12-13T02:47:52.580765,
opt-6.7b_s30_n256_global,facebook/opt-6.7b,opt-6.7b,0.3,256,524288,global,success,13.171273231506348,737.4103181362152,38.85893440246582,817.5697629451752,3.5537171363830566,32,4096,2864,6863905888,4893515152,11730944,22.375,0,1,22579.73583984375,2025-12-13T02:47:54.683847,2025-12-13T03:01:32.684688,
